SchemaName,TableName,ColumnName,ColumnCode,PropertyValue,IsPrimaryKey,ValuesMatchPK,MinDistinctValue,MaxDistinctValue,HasMatches,MatchCount,ResultValues
mrs,z_Order_Tracking_File_____ORDTRHST,ORDER_NUMBER_____OTHORD,OTHORD,ORDER_NUMBER_____OTHORD,No,Yes,100990.0,99674.0,1,23,"Found 23 matches. Sample of first 10 matches:
[{
    ""COMPANY_NUMBER_____OTHCMP"":""1.0""
    ""Transaction_Type_____OTHTRN"":""OE""
    ""O\/E_District_#_____OTHDST"":""1.0""
    ""ORDER_NUMBER_____OTHORD"":""968207.0""
    ""MAIN_LINE_____OTHMLN"":""1.0""
    ""ORDER_TRACKING_CODE_____OTHTRK"":""DCDD""
    ""L\/M_CENTURY_____OTHLMC"":""20.0""
    ""L\/M_YEAR_____OTHLMY"":""25.0""
    ""L\/M_MONTH_____OTHLMM"":""2.0""
    ""L\/M_DAY_____OTHLMD"":""24.0""
    ""L\/M_USER_____OTHLMU"":""TRANDAZZ  ""
    ""Time_____OTHLMT"":""134940.0""
    ""Employee#_____OTEMPL"":""          ""
    ""Start_Date_____OTHSDT"":""0.0""
    ""Start_Time_____OTHSTI"":""0.0""
    ""End_Date_____OTHEDT"":""0.0""
    ""End_Time_____OTHETI"":""0.0""
    ""Program_ID_____OTHPGM"":""QE032     ""
    ""Comment_____OTHCOM"":""                    ""
    ""Print_Next_Step_____OTPNST"":""N""
    ""PrtNxtStep_User_____OTPNSU"":""          ""
    ""_____OTTMSP"":""2025-02-24 13:49:40
},
{
    ""COMPANY_NUMBER_____OTHCMP"":""1.0""
    ""Transaction_Type_____OTHTRN"":""OE""
    ""O\/E_District_#_____OTHDST"":""1.0""
    ""ORDER_NUMBER_____OTHORD"":""968207.0""
    ""MAIN_LINE_____OTHMLN"":""1.0""
    ""ORDER_TRACKING_CODE_____OTHTRK"":""ACT ""
    ""L\/M_CENTURY_____OTHLMC"":""20.0""
    ""L\/M_YEAR_____OTHLMY"":""25.0""
    ""L\/M_MONTH_____OTHLMM"":""2.0""
    ""L\/M_DAY_____OTHLMD"":""24.0""
    ""L\/M_USER_____OTHLMU"":""TRANDAZZ  ""
    ""Time_____OTHLMT"":""134940.0""
    ""Employee#_____OTEMPL"":""          ""
    ""Start_Date_____OTHSDT"":""0.0""
    ""Start_Time_____OTHSTI"":""0.0""
    ""End_Date_____OTHEDT"":""0.0""
    ""End_Time_____OTHETI"":""0.0""
    ""Program_ID_____OTHPGM"":""QE032     ""
    ""Comment_____OTHCOM"":""                    ""
    ""Print_Next_Step_____OTPNST"":"" ""
    ""PrtNxtStep_User_____OTPNSU"":""          ""
    ""_____OTTMSP"":""2025-02-24 13:49:40
},
{
    ""COMPANY_NUMBER_____OTHCMP"":""1.0""
    ""Transaction_Type_____OTHTRN"":""OE""
    ""O\/E_District_#_____OTHDST"":""1.0""
    ""ORDER_NUMBER_____OTHORD"":""968207.0""
    ""MAIN_LINE_____OTHMLN"":""1.0""
    ""ORDER_TRACKING_CODE_____OTHTRK"":""CRDH""
    ""L\/M_CENTURY_____OTHLMC"":""20.0""
    ""L\/M_YEAR_____OTHLMY"":""25.0""
    ""L\/M_MONTH_____OTHLMM"":""2.0""
    ""L\/M_DAY_____OTHLMD"":""24.0""
    ""L\/M_USER_____OTHLMU"":""TRANDAZZ  ""
    ""Time_____OTHLMT"":""134940.0""
    ""Employee#_____OTEMPL"":""          ""
    ""Start_Date_____OTHSDT"":""0.0""
    ""Start_Time_____OTHSTI"":""0.0""
    ""End_Date_____OTHEDT"":""0.0""
    ""End_Time_____OTHETI"":""0.0""
    ""Program_ID_____OTHPGM"":""##HFRLS   ""
    ""Comment_____OTHCOM"":""                    ""
    ""Print_Next_Step_____OTPNST"":""N""
    ""PrtNxtStep_User_____OTPNSU"":""          ""
    ""_____OTTMSP"":""2025-02-24 13:49:40
},
{
    ""COMPANY_NUMBER_____OTHCMP"":""1.0""
    ""Transaction_Type_____OTHTRN"":""OE""
    ""O\/E_District_#_____OTHDST"":""1.0""
    ""ORDER_NUMBER_____OTHORD"":""968207.0""
    ""MAIN_LINE_____OTHMLN"":""1.0""
    ""ORDER_TRACKING_CODE_____OTHTRK"":""NSS ""
    ""L\/M_CENTURY_____OTHLMC"":""20.0""
    ""L\/M_YEAR_____OTHLMY"":""25.0""
    ""L\/M_MONTH_____OTHLMM"":""2.0""
    ""L\/M_DAY_____OTHLMD"":""24.0""
    ""L\/M_USER_____OTHLMU"":""TRANDAZZ  ""
    ""Time_____OTHLMT"":""134947.0""
    ""Employee#_____OTEMPL"":""          ""
    ""Start_Date_____OTHSDT"":""0.0""
    ""Start_Time_____OTHSTI"":""0.0""
    ""End_Date_____OTHEDT"":""0.0""
    ""End_Time_____OTHETI"":""0.0""
    ""Program_ID_____OTHPGM"":""QE035     ""
    ""Comment_____OTHCOM"":""                    ""
    ""Print_Next_Step_____OTPNST"":""N""
    ""PrtNxtStep_User_____OTPNSU"":""          ""
    ""_____OTTMSP"":""2025-02-24 13:49:47
},
{
    ""COMPANY_NUMBER_____OTHCMP"":""1.0""
    ""Transaction_Type_____OTHTRN"":""OE""
    ""O\/E_District_#_____OTHDST"":""1.0""
    ""ORDER_NUMBER_____OTHORD"":""968207.0""
    ""MAIN_LINE_____OTHMLN"":""1.0""
    ""ORDER_TRACKING_CODE_____OTHTRK"":""PROA""
    ""L\/M_CENTURY_____OTHLMC"":""20.0""
    ""L\/M_YEAR_____OTHLMY"":""25.0""
    ""L\/M_MONTH_____OTHLMM"":""2.0""
    ""L\/M_DAY_____OTHLMD"":""24.0""
    ""L\/M_USER_____OTHLMU"":""TRANDAZZ  ""
    ""Time_____OTHLMT"":""134947.0""
    ""Employee#_____OTEMPL"":""          ""
    ""Start_Date_____OTHSDT"":""0.0""
    ""Start_Time_____OTHSTI"":""0.0""
    ""End_Date_____OTHEDT"":""0.0""
    ""End_Time_____OTHETI"":""0.0""
    ""Program_ID_____OTHPGM"":""QE612     ""
    ""Comment_____OTHCOM"":""                    ""
    ""Print_Next_Step_____OTPNST"":""N""
    ""PrtNxtStep_User_____OTPNSU"":""          ""
    ""_____OTTMSP"":""2025-02-24 13:49:47
},
{
    ""COMPANY_NUMBER_____OTHCMP"":""1.0""
    ""Transaction_Type_____OTHTRN"":""OE""
    ""O\/E_District_#_____OTHDST"":""1.0""
    ""ORDER_NUMBER_____OTHORD"":""968207.0""
    ""MAIN_LINE_____OTHMLN"":""1.0""
    ""ORDER_TRACKING_CODE_____OTHTRK"":""CREL""
    ""L\/M_CENTURY_____OTHLMC"":""20.0""
    ""L\/M_YEAR_____OTHLMY"":""25.0""
    ""L\/M_MONTH_____OTHLMM"":""2.0""
    ""L\/M_DAY_____OTHLMD"":""24.0""
    ""L\/M_USER_____OTHLMU"":""CREDIT    ""
    ""Time_____OTHLMT"":""135547.0""
    ""Employee#_____OTEMPL"":""          ""
    ""Start_Date_____OTHSDT"":""0.0""
    ""Start_Time_____OTHSTI"":""0.0""
    ""End_Date_____OTHEDT"":""0.0""
    ""End_Time_____OTHETI"":""0.0""
    ""Program_ID_____OTHPGM"":""OE050     ""
    ""Comment_____OTHCOM"":""                    ""
    ""Print_Next_Step_____OTPNST"":""N""
    ""PrtNxtStep_User_____OTPNSU"":""          ""
    ""_____OTTMSP"":""2025-02-24 13:55:47
},
{
    ""COMPANY_NUMBER_____OTHCMP"":""1.0""
    ""Transaction_Type_____OTHTRN"":""OE""
    ""O\/E_District_#_____OTHDST"":""1.0""
    ""ORDER_NUMBER_____OTHORD"":""968207.0""
    ""MAIN_LINE_____OTHMLN"":""1.0""
    ""ORDER_TRACKING_CODE_____OTHTRK"":""STAG""
    ""L\/M_CENTURY_____OTHLMC"":""20.0""
    ""L\/M_YEAR_____OTHLMY"":""25.0""
    ""L\/M_MONTH_____OTHLMM"":""2.0""
    ""L\/M_DAY_____OTHLMD"":""26.0""
    ""L\/M_USER_____OTHLMU"":""NCOPELAN  ""
    ""Time_____OTHLMT"":""102913.0""
    ""Employee#_____OTEMPL"":""          ""
    ""Start_Date_____OTHSDT"":""0.0""
    ""Start_Time_____OTHSTI"":""0.0""
    ""End_Date_____OTHEDT"":""0.0""
    ""End_Time_____OTHETI"":""0.0""
    ""Program_ID_____OTHPGM"":""OE025     ""
    ""Comment_____OTHCOM"":""                    ""
    ""Print_Next_Step_____OTPNST"":""N""
    ""PrtNxtStep_User_____OTPNSU"":""          ""
    ""_____OTTMSP"":""2025-02-26 10:29:13
},
{
    ""COMPANY_NUMBER_____OTHCMP"":""1.0""
    ""Transaction_Type_____OTHTRN"":""OE""
    ""O\/E_District_#_____OTHDST"":""1.0""
    ""ORDER_NUMBER_____OTHORD"":""968207.0""
    ""MAIN_LINE_____OTHMLN"":""1.0""
    ""ORDER_TRACKING_CODE_____OTHTRK"":""2JS ""
    ""L\/M_CENTURY_____OTHLMC"":""20.0""
    ""L\/M_YEAR_____OTHLMY"":""25.0""
    ""L\/M_MONTH_____OTHLMM"":""2.0""
    ""L\/M_DAY_____OTHLMD"":""25.0""
    ""L\/M_USER_____OTHLMU"":""RCLARK    ""
    ""Time_____OTHLMT"":""153133.0""
    ""Employee#_____OTEMPL"":""          ""
    ""Start_Date_____OTHSDT"":""20250225.0""
    ""Start_Time_____OTHSTI"":""152718.0""
    ""End_Date_____OTHEDT"":""20250225.0""
    ""End_Time_____OTHETI"":""153131.0""
    ""Program_ID_____OTHPGM"":""WT422     ""
    ""Comment_____OTHCOM"":""25 cuts             ""
    ""Print_Next_Step_____OTPNST"":""N""
    ""PrtNxtStep_User_____OTPNSU"":""          ""
    ""_____OTTMSP"":""2025-02-25 15:31:33
},
{
    ""COMPANY_NUMBER_____OTHCMP"":""1.0""
    ""Transaction_Type_____OTHTRN"":""OE""
    ""O\/E_District_#_____OTHDST"":""1.0""
    ""ORDER_NUMBER_____OTHORD"":""968207.0""
    ""MAIN_LINE_____OTHMLN"":""1.0""
    ""ORDER_TRACKING_CODE_____OTHTRK"":""ACT ""
    ""L\/M_CENTURY_____OTHLMC"":""20.0""
    ""L\/M_YEAR_____OTHLMY"":""25.0""
    ""L\/M_MONTH_____OTHLMM"":""2.0""
    ""L\/M_DAY_____OTHLMD"":""24.0""
    ""L\/M_USER_____OTHLMU"":""CREDIT    ""
    ""Time_____OTHLMT"":""135548.0""
    ""Employee#_____OTEMPL"":""          ""
    ""Start_Date_____OTHSDT"":""0.0""
    ""Start_Time_____OTHSTI"":""0.0""
    ""End_Date_____OTHEDT"":""0.0""
    ""End_Time_____OTHETI"":""0.0""
    ""Program_ID_____OTHPGM"":""OE050     ""
    ""Comment_____OTHCOM"":""                    ""
    ""Print_Next_Step_____OTPNST"":"" ""
    ""PrtNxtStep_User_____OTPNSU"":""          ""
    ""_____OTTMSP"":""2025-02-24 13:55:48
},
{
    ""COMPANY_NUMBER_____OTHCMP"":""1.0""
    ""Transaction_Type_____OTHTRN"":""OE""
    ""O\/E_District_#_____OTHDST"":""1.0""
    ""ORDER_NUMBER_____OTHORD"":""968207.0""
    ""MAIN_LINE_____OTHMLN"":""1.0""
    ""ORDER_TRACKING_CODE_____OTHTRK"":""PROA""
    ""L\/M_CENTURY_____OTHLMC"":""20.0""
    ""L\/M_YEAR_____OTHLMY"":""25.0""
    ""L\/M_MONTH_____OTHLMM"":""2.0""
    ""L\/M_DAY_____OTHLMD"":""24.0""
    ""L\/M_USER_____OTHLMU"":""CREDIT    ""
    ""Time_____OTHLMT"":""135548.0""
    ""Employee#_____OTEMPL"":""          ""
    ""Start_Date_____OTHSDT"":""0.0""
    ""Start_Time_____OTHSTI"":""0.0""
    ""End_Date_____OTHEDT"":""0.0""
    ""End_Time_____OTHETI"":""0.0""
    ""Program_ID_____OTHPGM"":""QE612     ""
    ""Comment_____OTHCOM"":""                    ""
    ""Print_Next_Step_____OTPNST"":""N""
    ""PrtNxtStep_User_____OTPNSU"":""          ""
    ""_____OTTMSP"":""2025-02-24 13:55:48
}]"
mrs,z_Quote_/_Order_History_Header_File_____OEHISTRY,Order_Number_____OHORDR,OHORDR,Order_Number_____OHORDR,No,Yes,100035.0,99999.0,1,2,"Found 2 matches. All matches:
[{
    ""A=ACTIVE__D=DELETED_____OHRECD"":""A""
    ""Q=QUOTE_F=FUTURE_B=BUYOUT_D=MILL_DIRECT_____OHTYPE"":""Q""
    ""O\/E_District_#_____OHDIST"":""1.0""
    ""Order_Number_____OHORDR"":""968207.0""
    ""Quote_District_#_____OHQDIS"":""1.0""
    ""Quote_Order_Number_____OHQORD"":""177131.0""
    ""Customer_District_____OHCDIS"":""1.0""
    ""Customer_Number_____OHCUST"":""565.0""
    ""Order_Date_CENTURY_____OHOCC"":""20.0""
    ""Order_Date_YEAR_____OHOYY"":""25.0""
    ""Order_Date_MONTH_____OHOMM"":""2.0""
    ""Order_Date_DAY_____OHODD"":""24.0""
    ""Customer_Ship-To_____OHSHTO"":""0.0""
    ""QUOTE_Date_CENTURY_____OHQCC"":""20.0""
    ""QUOTE_Date_YEAR_____OHQYY"":""25.0""
    ""QUOTE_Date_MONTH_____OHQMM"":""2.0""
    ""QUOTE_Date_DAY_____OHQDD"":""24.0""
    ""ACTUAL_SHIP_CENTURY_____OHACCC"":""0.0""
    ""ACTUAL_SHIP_YEAR_____OHACYY"":""0.0""
    ""ACTUAL_SHIP_MONTH_____OHACMM"":""0.0""
    ""ACTUAL_SHIP_DAY_____OHACDD"":""0.0""
    ""CUSTOMER_PO_NUMBER_____OHCPO"":""0025222-00            ""
    ""INSIDE_SLSMAN_DISTRICT_____OHISMD"":""1.0""
    ""INSIDE_SLSMAN_NUMBER_____OHISMN"":""8.0""
    ""REQUESTED_SHIP_CENTURY_____OHRQCC"":""20.0""
    ""REQUESTED_SHIP_YEAR_____OHRQYY"":""25.0""
    ""REQUESTED_SHIP_MONTH_____OHRQMM"":""2.0""
    ""REQUESTED_SHIP_DAY_____OHRQDD"":""27.0""
    ""BRANCH_SHIPPED_FROM_____OHBRSH"":""1.0""
    ""TAXABLE_Y\/N_____OHTAXY"":""N""
    ""OUTSIDE_SALESMAN_DISTRICT_____OHOSMD"":""1.0""
    ""OUTSIDE_SALESMAN_NUMBER_____OHOSMN"":""9.0""
    ""STATE_ABBREV_____OHSTAT"":""LA""
    ""STATE_Code_____OHSTCD"":""0.0""
    ""CITY_TAX_CODE_____OHCICD"":""   ""
    ""COUNTY_TAX_CODE_____OHCNTY"":""  ""
    ""OTHER_TAX_CODE_____OHOTCD"":""  ""
    ""COMPANY_NUMBER_____OHCOMP"":""1.0""
    ""OUTSIDE_SALESMAN_1_COMMISSIONED_Y\/N_____OHSMC1"":""N""
    ""DISCOUNT_TERMS_____OHDTRM"":""1.0""
    ""TERMS_OF_SALE_____OHSTRM"":""2.0""
    ""NET_SALES_____OHNSAL"":""23999.610000000001""
    ""NET_A\/R_____OHNAR"":""23999.610000000001""
    ""NET_COST_____OHNCST"":""14453.959999999999""
    ""GROSS_PROFIT_$_AMT_____OHGP$"":""9545.6499999999996""
    ""GROSS_PROFIT_%_____OHGPPC"":""39.770000000000003""
    ""GROSS_MARGIN_$_AMT_____OHGM$"":""9545.6499999999996""
    ""GROSS_MARGIN_%_____OHGMPC"":""39.770000000000003""
    ""TAXABLE_AMOUNT_____OHTXAB"":""0.0""
    ""STATE_SALES_TAX_RATE_____OHSTRT"":""0.0""
    ""CITY_SALES_TAX_RATE_____OHCTRT"":""0.0""
    ""COUNTY_SALES_TAX_RATE_____OHCNRT"":""0.0""
    ""STATE_SALES_TAX_RATE_____OHOTRT"":""0.0""
    ""STATE_SALES_TAX_AMOUNT_____OHSTXA"":""0.0""
    ""CITY_SALES_TAX_AMOUNT_____OHCTXA"":""0.0""
    ""COUNTY_SALES_TAX_AMOUNT_____OHCNXA"":""0.0""
    ""OTHER_SALES_TAX_AMOUNT_____OHOTXA"":""0.0""
    ""FREIGHT_AMOUNT_____OHFRTA"":""0.0""
    ""FREIGHT_TAXABLE_Y\/N_____OHFRTY"":""N""
    ""ADDITIONAL_CHARGE_COST_INSIDE_____OHACSI"":""0.0""
    ""ADDITIONAL_CHARGE_SALES_INSIDE_____OHASLI"":""0.0""
    ""CUTTING_CHARGE_COST_INSIDE_____OHCCSI"":""0.0""
    ""CUTTING_CHARGE_SALES_INSIDE_____OHCSLI"":""0.0""
    ""ADDITIONAL_CHARGE_COST_OUTSIDE_____OHACSO"":""0.0""
    ""ADDITIONAL_CHARGE_SALES_OUTSIDE_____OHASLO"":""0.0""
    ""CUTTING_CHARGE_COST_OUTSIDE_____OHCCSO"":""0.0""
    ""CUTTING_CHARGE_SALES_OUTSIDE_____OHCSLO"":""0.0""
    ""HANDLING_CHARGE_____OHHNDL"":""0.0""
    ""PROCCESSING_CHARGE_____OHPSSG"":""0.0""
    ""CREDIT_MEMO_REASON_CODE_____OHCMRS"":""  ""
    ""QUOTE_REASON_CODE_____OHQTRS"":""0.0""
    ""ORDER_REASON_CODE_____OHOERS"":""0.0""
    ""CONT_COMP_NAME_____OHCCMP"":""                                   ""
    ""CONT_CUST_NAME_____OHCCUS"":""                                   ""
    ""CONT_PHONE_____OHCPHN"":""               ""
    ""DISTRICT_NUMBER_____OHBODI"":""0.0""
    ""Transaction_#_____OHBOOD"":""0.0""
    ""L\/M_Century_____OHLMCC"":""20.0""
    ""L\/M_Year_____OHLMYY"":""25.0""
    ""L\/M_Month_____OHLMMM"":""2.0""
    ""L\/M_Day_____OHLMDD"":""24.0""
    ""L\/M_User_____OHLMUS"":""TRANDAZZ  ""
    ""TIME_STAMP_____OHSTMP"":""134940022425.0""
    ""TRANS_TYPE_____OHTRNT"":""OE""
    ""CITY_TAX_CODE_____OHCTTX"":""     ""
    ""COUNTY_TAX_CODE_____OHCNTX"":""   
},
{
    ""A=ACTIVE__D=DELETED_____OHRECD"":""A""
    ""Q=QUOTE_F=FUTURE_B=BUYOUT_D=MILL_DIRECT_____OHTYPE"":""A""
    ""O\/E_District_#_____OHDIST"":""1.0""
    ""Order_Number_____OHORDR"":""968207.0""
    ""Quote_District_#_____OHQDIS"":""1.0""
    ""Quote_Order_Number_____OHQORD"":""177131.0""
    ""Customer_District_____OHCDIS"":""1.0""
    ""Customer_Number_____OHCUST"":""565.0""
    ""Order_Date_CENTURY_____OHOCC"":""20.0""
    ""Order_Date_YEAR_____OHOYY"":""25.0""
    ""Order_Date_MONTH_____OHOMM"":""2.0""
    ""Order_Date_DAY_____OHODD"":""24.0""
    ""Customer_Ship-To_____OHSHTO"":""0.0""
    ""QUOTE_Date_CENTURY_____OHQCC"":""20.0""
    ""QUOTE_Date_YEAR_____OHQYY"":""25.0""
    ""QUOTE_Date_MONTH_____OHQMM"":""2.0""
    ""QUOTE_Date_DAY_____OHQDD"":""24.0""
    ""ACTUAL_SHIP_CENTURY_____OHACCC"":""0.0""
    ""ACTUAL_SHIP_YEAR_____OHACYY"":""0.0""
    ""ACTUAL_SHIP_MONTH_____OHACMM"":""0.0""
    ""ACTUAL_SHIP_DAY_____OHACDD"":""0.0""
    ""CUSTOMER_PO_NUMBER_____OHCPO"":""0025222-00            ""
    ""INSIDE_SLSMAN_DISTRICT_____OHISMD"":""1.0""
    ""INSIDE_SLSMAN_NUMBER_____OHISMN"":""8.0""
    ""REQUESTED_SHIP_CENTURY_____OHRQCC"":""20.0""
    ""REQUESTED_SHIP_YEAR_____OHRQYY"":""25.0""
    ""REQUESTED_SHIP_MONTH_____OHRQMM"":""2.0""
    ""REQUESTED_SHIP_DAY_____OHRQDD"":""27.0""
    ""BRANCH_SHIPPED_FROM_____OHBRSH"":""1.0""
    ""TAXABLE_Y\/N_____OHTAXY"":""N""
    ""OUTSIDE_SALESMAN_DISTRICT_____OHOSMD"":""1.0""
    ""OUTSIDE_SALESMAN_NUMBER_____OHOSMN"":""9.0""
    ""STATE_ABBREV_____OHSTAT"":""LA""
    ""STATE_Code_____OHSTCD"":""0.0""
    ""CITY_TAX_CODE_____OHCICD"":""   ""
    ""COUNTY_TAX_CODE_____OHCNTY"":""  ""
    ""OTHER_TAX_CODE_____OHOTCD"":""  ""
    ""COMPANY_NUMBER_____OHCOMP"":""1.0""
    ""OUTSIDE_SALESMAN_1_COMMISSIONED_Y\/N_____OHSMC1"":""N""
    ""DISCOUNT_TERMS_____OHDTRM"":""1.0""
    ""TERMS_OF_SALE_____OHSTRM"":""2.0""
    ""NET_SALES_____OHNSAL"":""23999.610000000001""
    ""NET_A\/R_____OHNAR"":""23999.610000000001""
    ""NET_COST_____OHNCST"":""14453.959999999999""
    ""GROSS_PROFIT_$_AMT_____OHGP$"":""9545.6499999999996""
    ""GROSS_PROFIT_%_____OHGPPC"":""39.770000000000003""
    ""GROSS_MARGIN_$_AMT_____OHGM$"":""9545.6499999999996""
    ""GROSS_MARGIN_%_____OHGMPC"":""39.770000000000003""
    ""TAXABLE_AMOUNT_____OHTXAB"":""0.0""
    ""STATE_SALES_TAX_RATE_____OHSTRT"":""0.0""
    ""CITY_SALES_TAX_RATE_____OHCTRT"":""0.0""
    ""COUNTY_SALES_TAX_RATE_____OHCNRT"":""0.0""
    ""STATE_SALES_TAX_RATE_____OHOTRT"":""0.0""
    ""STATE_SALES_TAX_AMOUNT_____OHSTXA"":""0.0""
    ""CITY_SALES_TAX_AMOUNT_____OHCTXA"":""0.0""
    ""COUNTY_SALES_TAX_AMOUNT_____OHCNXA"":""0.0""
    ""OTHER_SALES_TAX_AMOUNT_____OHOTXA"":""0.0""
    ""FREIGHT_AMOUNT_____OHFRTA"":""0.0""
    ""FREIGHT_TAXABLE_Y\/N_____OHFRTY"":""N""
    ""ADDITIONAL_CHARGE_COST_INSIDE_____OHACSI"":""0.0""
    ""ADDITIONAL_CHARGE_SALES_INSIDE_____OHASLI"":""0.0""
    ""CUTTING_CHARGE_COST_INSIDE_____OHCCSI"":""0.0""
    ""CUTTING_CHARGE_SALES_INSIDE_____OHCSLI"":""0.0""
    ""ADDITIONAL_CHARGE_COST_OUTSIDE_____OHACSO"":""0.0""
    ""ADDITIONAL_CHARGE_SALES_OUTSIDE_____OHASLO"":""0.0""
    ""CUTTING_CHARGE_COST_OUTSIDE_____OHCCSO"":""0.0""
    ""CUTTING_CHARGE_SALES_OUTSIDE_____OHCSLO"":""0.0""
    ""HANDLING_CHARGE_____OHHNDL"":""0.0""
    ""PROCCESSING_CHARGE_____OHPSSG"":""0.0""
    ""CREDIT_MEMO_REASON_CODE_____OHCMRS"":""  ""
    ""QUOTE_REASON_CODE_____OHQTRS"":""0.0""
    ""ORDER_REASON_CODE_____OHOERS"":""0.0""
    ""CONT_COMP_NAME_____OHCCMP"":""                                   ""
    ""CONT_CUST_NAME_____OHCCUS"":""                                   ""
    ""CONT_PHONE_____OHCPHN"":""               ""
    ""DISTRICT_NUMBER_____OHBODI"":""0.0""
    ""Transaction_#_____OHBOOD"":""0.0""
    ""L\/M_Century_____OHLMCC"":""20.0""
    ""L\/M_Year_____OHLMYY"":""25.0""
    ""L\/M_Month_____OHLMMM"":""2.0""
    ""L\/M_Day_____OHLMDD"":""24.0""
    ""L\/M_User_____OHLMUS"":""TRANDAZZ  ""
    ""TIME_STAMP_____OHSTMP"":""134940022425.0""
    ""TRANS_TYPE_____OHTRNT"":""OE""
    ""CITY_TAX_CODE_____OHCTTX"":""     ""
    ""COUNTY_TAX_CODE_____OHCNTX"":""   
}]"
mrs,z_Quote_/_Order_Detail_History_File_____OEHISTRD,Transaction_#_____DHORDR,DHORDR,Transaction_#_____DHORDR,No,Yes,100000.0,99998.0,1,1,Found 1 matches. All matches:
[{
    "Record_Code_____DHRECD":"A"
    "ORDER_TYPE_____DHTYPE":"A"
    "DISTRICT_NUMBER_____DHDIST":"1.0"
    "Transaction_#_____DHORDR":"968207.0"
    "Quote\/Order_Dist_#_____DHQDIS":"1.0"
    "Quote\/Order_Number_____DHQORD":"177131.0"
    "MAIN_LINE_____DHMLIN":"1.0"
    "COMPANY_NUMBER_____DHCOMP":"1.0"
    "CUSTOMER_DISTRICT_____DHCDIS":"1.0"
    "CUSTOMER_NUMBER_____DHCUST":"565.0"
    "ITEM_NUMBER_____DHITEM":"52050"
    "CRT_DESCRIPTION_____DHCRTD":"9.500 OD 5.750 ID 1.875 WALL       "
    "DESCRIPTION_CHANGED_FLAG_(Y\/N)_____DHFLAG":" "
    "ORDER_QUANTITY_____DHIQTY":"25.0"
    "ORDER_UOM_____DHIUOM":"EA "
    "NEGOTITED_SELL_PRICE_____DHUSEL":"25.43"
    "NEGOTIATED_SELL_UOM_____DHSUOM":"IN "
    "NEGOTIATED_SELL_$_EXT_____DHSLSX":"23999.610000000001"
    "BASE\/BOOK_PRICE_____DHBPRC":"2.0"
    "BASE\/BOOK_UOM_____DHBUOM":"LB "
    "BASE\/BOOK_PRICE_EXT_____DHBEXT":"24017.32"
    "ADJUSTED_BOOK_PRICE_____DHJPRC":"2.0"
    "ADJUSTED_BOOK_UOM_____DHJUOM":"LB "
    "ADJUSTED_BOOK_PRICE_EXT_____DHJEXT":"24017.32"
    "COMBINABLE_CODE_____DHCBNC":"  "
    "PRICING_METHOD_FROM_QUOTES_____DHPMTH":"N"
    "NEG_PRICE_KEYED_Y\/N_____DHNEGY":"Y"
    "ORIGINAL_PRICE_METHOD_____DHOPMT":"N"
    "COSTING_METHOD_UNIT_COST_____DHUCST":"183.785"
    "COSTING_METHOD_COST_UOM_____DHCUOM":"FT "
    "COSTING_METHOD_COST_EXT_____DHCSTX":"14453.959999999999"
    "TOTAL_PRICE_FOR_PROCESS_CHRG_____DHMLPC":"0.0"
    "Y\/N\/1=_1_OR_MORE_1_CHRGS_____DHPCF":" "
    "TOTAL_PRICE_FOR_ADDTL__CHRG_____DHMLAC":"0.0"
    "Y\/N\/1=_1_OR_MORE_1_CHRGS_____DHACF":" "
    "TOTAL_PRICE_FOR_WHOLE_ORDER_CHARGES_____DHMLWC":"0.0"
    "Y\/N\/1=_1_OR_MORE_1_CHRGS_____DHWCF":" "
    "WHOLE_INCHES_____DHINCH":"0.0"
    "DECIMAL_INCHES_____DHINDL":"0.0"
    "TOTAL_LBS_____DHTLBS":"12008.66"
    "TOTAL_PCS_____DHTPCS":"25.0"
    "TOTAL_FTS_____DHTFTS":"78.646000000000001"
    "TOTAL_SQUARE_FT_____DHTSFT":"0.001"
    "TOTAL_KILOS_____DHTKG":"5447.0919999999996"
    "TOTAL_METERS_____DHTMTR":"23.971"
    "Weight_Factor_____DHWGTF":"12.724407449999999"
    "Unit_Weight_____DHUNTW":"0.0"
    "WIDTHDRAWN_QUANTITY_____DHWDRW":"0.0"
    "INVENTORY_RESERVE_QUANTITY_____DHINVR":"78.646000000000001"
    "INVENTORY_RSRV_DIST_____DHINVD":"1.0"
    "3_POSITION_CLASS_____DHCLAS":"ATH"
    "ITEM_SUB-CLASS_____DHSCLS":"        "
    "CALCULATING_WIDTH_____DHWDTH":"0.0"
    "CALCULATING_LENGTH_____DHLENG":"37.75"
    "Display_Width_____DHDSPW":"         "
    "Display_Length_____DHDSPL":"37.75    "
    "Dimen":{
    "_Expressed_Imperial\/Metric_____DHDEXP":"I
}
    "Inventory_Code_____DHINVC":"F"
    "TAG_CODE_____DHTAGC":"T"
    "COST_METHOD_____DHCSTM":"1"
    "Shape_____DHSHAP":"T"
    "INBOUND_ORDER_TYPE_____DHIBOT":"  "
    "INBOUND_ORDER_DISTRICT_____DHIBOD":"0.0"
    "INBOUND_ORDER_NUMBER_____DHIBOR":"0.0"
    "INBOUND_LINE_NUMBER_____DHIBLN":"0.0"
    "REMOTE_INVENTORY_VENDOR_____DHVNDR":"0.0"
    "CUSTOMER_PART_NUMBER_____DHCPRT":"54140-09500-M0575        "
    "FASTPATH\/ITEM__F\/I__CODE_____DHFICD":"F"
    "LINE_TYPE_____DHLTYP":"M"
    "DELETE_REASON_CODE_____DHDLTR":"0.0"
    "SIZE_1_____DHSIZ1":"9.5"
    "SIZE_2_____DHSIZ2":"5.75"
    "SIZE_3_____DHSIZ3":"1.875"
    "SIZE_4_____DHSIZ4":"0.0"
    "INSIDE_SALESMAN_DISTRICT_____DHISMD":"1.0"
    "INSIDE_SALESMAN_NUMBER_____DHISMN":"8.0"
    "OUTSIDE_SALESMAN_DISTRICT_____DHOSMD":"1.0"
    "OUTSIDE_SALESMAN_NUMBER_____DHOSMN":"9.0"
    "DELETED_CENTURY_____DHDLCC":"20.0"
    "DELETED_YEAR_____DHDLYY":"25.0"
    "DELETED_MONTH_____DHDLMM":"2.0"
    "DELETED_DAY_____DHDLDD":"24.0"
    "DELETED_USER_____DHDLUS":"TRANDAZZ  "
    "MOV_Pricing_Code_____DHABCC":" "
    "Percent_of_Price_____DHABCP":"0.0"
    "TIME_STAMP_____DHSTMP":"134940022425.0"
    "TRANS_TYPE_____DHTRNT":"OE"
    "Blanket_Ref_Line_____DHBLINE":"0.0"
    "Blanket_Ref_Item_____DHBITEM":"     
}]
mrs,z_Tolerance_Details_for_Main_Lines_____TLDETAIL,Transaction_#_____DTORDR,DTORDR,Transaction_#_____DTORDR,No,Yes,100934.0,99949.0,1,1,Found 1 matches. All matches:
[{
    "Record_Code_____DTRECD":"A"
    "Transaction_Type_____DTOTYP":"OE"
    "DISTRICT_NUMBER_____DTODST":"1.0"
    "Transaction_#_____DTORDR":"968207.0"
    "Main_Line#_____DTOMLN":"1.0"
    "Part_#_____DTPART":"                         "
    "ITEM_NUMBER_____DTITEM":"     "
    "BASED_ON_____DTWHOT":"Q              "
    "TOLER_PLUS_WIDTH_____DTPWID":"     "
    "TOLER_PLUS_LENGTH_____DTPLEN":"     "
    "TOLER_MINUS_WIDTH_____DTMWID":"     "
    "TOLER_MINUS_LENGTH_____DTMLEN":"     "
    "THICKNESS_____DTTHIK":"          "
    "FLATNESS_____DTFLAT":"     "
    "DIAGONAL_____DTDIAG":"     "
    "ROCKWELL_____DTROCK":"          "
    "CAMBER_____DTCMBR":"          "
    "OLSEN_____DTOLSN":"          "
    "DISPLAY_O":{
    "D":{
    "_____DTDOD":"9.5000   
}}
    "CLAC":{
    "_O":{
    "D":{
    "_____DTCOD":"9.5
}}}
    "TOLER_O":{
    "D":{
    "_____DTTOD":"          
}}
    "DISPLAY_I":{
    "D":{
    "_____DTDID":"5.7500   
}}
    "CALC":{
    "_I":{
    "D":{
    "_____DTCID":"5.75
}}}
    "TOLER_I":{
    "D":{
    "_____DTTID":"          
}}
    "LAST_MAINT_CENTURY_____DTLMCC":"0.0"
    "LAST_MAINT_YEAR_____DTLMYY":"0.0"
    "LAST_MAINT_MONTH_____DTLMMM":"0.0"
    "LAST_MAINT_DAY_____DTLMDD":"0.0"
    "LAST_MAINT_USER_____DTLMUS":"          "
    "FLASH_CONTROL_____DTFLSC":"0.0"
    "CARBON_LOW_RANGE_____DTCLWR":"0.0"
    "CARBON_HIGH_RANGE_____DTCHIR":"0.0"
    "WELD_SIDE\/CORNER\/FLAT_____DTWELD":" "
    "OIL_SURFACE_HEAVY\/LIGHT_____DTOILS":" "
    "SURFACE_Q_PAINT\/CHR\/MILL_____DTSURQ":" "
    "O":{
    "D":{
    "_GAUGE_Y\/BLANK_____DTODGA":" 
}}
    "I":{
    "D":{
    "_GAUGE_Y\/BLANK_____DTIDGA":" 
}}
    "ROCKWELL_Y\/BLANK_____DTROCW":" "
    "BEND_Y\/BLANK_____DTBEND":" "
    "SWAGE_Y\/BLANK_____DTSWAG":" "
    "FLARE_Y\/BLANK_____DTFLAR":" "
    "EXPAND_Y\/BLANK_____DTEXPD":" "
    "ALL_Y\/BLANK_____DTALL":" "
    "THICKNESS_____DTFTHK":"0.0"
    "PLUS_THICKNESS_____DTFPTK":"0.0"
    "MINUS_THICKNESS_____DTFMTK":"0.0"
    "PLUS_WIDTH_____DTFPWD":"0.0"
    "MINUS_WIDTH_____DTFMWD":"0.0"
    "PLUS_LENGTH_____DTFPLN":"0.0"
    "MINUS_LENGTH_____DTFMLN":"0.0"
    "OUTSIDE_DIAMETER_MINIMUM_____DTFODN":"0.0"
    "OUTSIDE_DIAMETER_MAXIMUM_____DTFODX":"0.0"
    "INSIDE_DIAMETER_MINIMUM_____DTFIDN":"0.0"
    "INSIDE_DIAMETER_MAXIMUM_____DTFIDX":"0.0"
    "Rockwell_Scale_Value_____DTRCKS":" "
    "Rockwell_Scale_Low_Value_____DTRCKL":"0.0"
    "Rockwell_Scale_High_Value_____DTRCKH":"0.0"
    "Birnell_Scale_Low_Value_____DTBRNL":"0.0"
    "Birnell_Scale_High_Value_____DTBRNH":"0.0"
    "Olsen_Scale_Low_Value_____DTOLSL":"0.0"
    "Olsen_Scale_High_Value_____DTOLSH":"0.0"
    "Quantity_____DTMXSW":"0.0"
    "Quantity_____DTPKMX":"0.0"
    "TENSILE_____DTTENM":"0.0"
    "TENSILE_____DTTENN":"0.0"
    "Yield_____DTYLDM":"0.0"
    "Yield_____DTYLDN":"0.0"
    "Elongation_____DTELGM":"0.0"
    "Elongation_____DTELGN":"0.0"
    "Grain_Size_____DTGRSM":"0.0"
    "Grain_Size_____DTGRSN":"0.0"
    "Dec_Width_____DTMTWD":"0.0"
    "Dec_Length_____DTMTLH":"0.0"
    "THICKNESS_____DTMTTH":"0.0"
    "Dock_#_____DTDOCK":"               "
    "Drop_Code_____DTDROP":"               "
    "Line_Feed_Code_____DTLINF":"               "
    "Primary_Metals_Suffix_____DTPMET":"                              "
    "Prod_Specification_____DTPSPC":"                                        "
    "TORCHES_____DTTORC":"0.0"
    "PERCES_____DTPERC":"0.0"
    "PKGING_MIN_WGT_____DTPKMN":"0.0"
    "Tubing_Inner_Diameter_Min_____DTTIDM":"0.0"
    "Tubing_Inner_Diameter_Max_____DTTIDX":"0.0"
    "Tubing_Outer_Diameter_Min_____DTTODM":"0.0"
    "Tubing_Outer_Diameter_Max_____DTTODX":"0.0"
    "Tubing_Wall_Diameter_Min_____DTTWMN":"0.0"
    "Tubing_Wall_Diameter_Max_____DTTWMX":"0.0"
    "Spec_Description_____DTSPEC":"                    "
    "Extra_Flag_____DTFLAG1":" "
    "Extra_Flag_____DTFLAG2":" "
    "Extra_Flag_____DTFLAG3":" 
}]
mrs,z_Sales_Description_Override_____SLSDSCOV,Transaction_#_____DXORDR,DXORDR,Transaction_#_____DXORDR,No,Yes,100934.0,99949.0,1,1,Found 1 matches. All matches:
[{
    "Record_Code_____DXRECD":"A"
    "Order_Type_____DXTYPE":"A"
    "Order_Type_____DXTRNT":"OE"
    "Tran":{
    "_District_#_____DXDIST":"1.0
}
    "Transaction_#_____DXORDR":"968207.0"
    "MAIN_LINE_____DXMLIN":"1.0"
    "Item_Print_Descr_Two_____DXDSC2":"HF 4140 125KSI QT++           "
    "Item_Print_Desc_Three_____DXDSC3":"                              "
    "Item_Print_Descr_Four_____DXDSC4":"                              "
    "Item_Print_Descr_Five_____DXDSC5":"                              "
    "Item_Print_Descr_Six_____DXDSC6":"                              "
    "L\/M_Century_____DXLMCC":"20.0"
    "L\/M_Year_____DXLMYY":"25.0"
    "L\/M_Month_____DXLMMM":"2.0"
    "L\/M_Day_____DXLMDD":"24.0"
    "L\/M_User_____DXLMUS":"TRANDAZZ  
}]
mrs,z_MW_Email_Log_File_____EMAILLOG,ORDER_NUMBER_____EMORDR,EMORDR,ORDER_NUMBER_____EMORDR,No,Yes,0.0,971924.0,1,1,Found 1 matches. All matches:
[{
    "DOCUMENT_TYPE_____EMDTYP":"INVOICE   "
    "COMP_NUMBER_____EMCOMP":"1.0"
    "ORDER_TYPE_____EMOTYP":"A"
    "ORDER_DIST_____EMODST":"1.0"
    "ORDER_NUMBER_____EMORDR":"968207.0"
    "CUSTOMER_DIST_____EMCDIS":"1.0"
    "CUSTOMER_NUMBER_____EMCUST":"565.0"
    "VENDOR_NUMBER_____EMVEND":"0.0"
    "BOL#_____EMBOL#":"               "
    "DELIVERY_METHOD_____EMDELV":"E"
    "TO_ADDRESS_____EMTOADR":"PAYABLES@STABILTEC.COM                            "
    "FROM_ADDRESS_____EMFRADR":"cstewart@sigmatb.com                              "
    "FAX#_____EMFAX#":"337 845 5349                  \u0000\u0000STABILTEC DOWNHOL"
    "CALLED_FROM_____EMCALLED":"OE630CLF2 "
    "EMAILED_DATE_CENTRY_____EMDTCC":"20.0"
    "EMAILED_DATE_YEAR_____EMDTYY":"25.0"
    "EMAILED_DATE_MONTH_____EMDTMM":"2.0"
    "EMAILED_DATE_DAY_____EMDTDD":"28.0"
    "STATUS_____EMSTS":"SNT
}]
mrs,z_Order_Detail_File_____OEDETAIL,Transaction_#_____ODORDR,ODORDR,Transaction_#_____ODORDR,No,Yes,100934.0,99949.0,1,1,Found 1 matches. All matches:
[{
    "Record_Code_____ODRECD":"I"
    "Order_Type_____ODTYPE":"A"
    "O\/E_District_#_____ODDIST":"1.0"
    "Transaction_#_____ODORDR":"968207.0"
    "MAIN_LINE_____ODMLIN":"1.0"
    "COMPANY_NUMBER_____ODCOMP":"1.0"
    "CUSTOMER_DISTRICT_____ODCDIS":"1.0"
    "CUSTOMER_NUMBER_____ODCUST":"565.0"
    "ITEM_NUMBER_____ODITEM":"52050"
    "CRT_DESCRIPTION_____ODCRTD":"9.500 OD 5.750 ID 1.875 WALL       "
    "DESCRIPTION_CHANGED_FLAG_(Y\/N)_____ODFLAG":" "
    "ORDER_QUANTITY_____ODIQTY":"943.75"
    "ORDER_UOM_____ODIUOM":"IN "
    "ORDERED_WHOLE_INCHES_____ODINCH":"0.0"
    "DECIMAL_INCHES_____ODINDL":"0.0"
    "NEGOTITED_SELL_PRICE_____ODUSEL":"25.43"
    "NEGOTIATED_SELL_UOM_____ODSUOM":"IN "
    "NEGOTIATED_SELL_$_EXT_____ODSLSX":"23999.560000000001"
    "PRORATED_FREIGHT_SALES_____ODFRTS":"0.0"
    "TOTAL_PROCESS_SALES_____ODPRCS":"0.0"
    "TOTAL_ADDTL_CHG_SALES_____ODADCS":"0.0"
    "PRORATED_WHOLE_ORDER_SALES_AMT_____ODWCSL":"0.0"
    "SALES_DISCOUNT_____ODDISC":"0.0"
    "COSTING_METHOD_UNIT_COST_____ODUCST":"183.785"
    "COSTING_METHOD_COST_UOM_____ODCUOM":"FT "
    "COSTING_METHOD_COST_EXT_____ODCSTX":"14453.959999999999"
    "WITHDRAWN_COST_EXT_____ODWCST":"14453.959999999999"
    "FREIGHT___IN__COST_____ODFRTI":"0.0"
    "FREIGHT____OUT__COST_____ODFRTO":"0.0"
    "FINANCIAL_SCRAP__FACTOR_COST_____ODFSFA":"0.0"
    "TOTAL_PROCESS_COST_____ODPRCC":"0.0"
    "TOTAL_ADDTL_CHG_COST_____ODADCC":"0.0"
    "PRORATED_WHOLE_ORDER_COST_AMT_____ODWCCS":"0.0"
    "ADMINISTRATIVE__BURDEN__COST_____ODADMB":"0.0"
    "OPER_BRDN_COST_LN\/CALC_____ODOPRB":"0.0"
    "OPER_BRDN__COST_LN\/FLAT_____ODOPRL":"0.0"
    "PO_WHOLE_ORDER_CHARGE_CST_EXT_____ODPOWC":"0.0"
    "PO_FREIGHT__CHARGE_CST_EXT_____ODPOFR":"0.0"
    "ITEM_SKID_CHARGE_Y\/N_____ODSKID":" "
    "TOTAL_INCL_1_PRICE_FOR_PROCESS_CHRG_____ODMLPC":"0.0"
    "Y\/N\/1=_1_OR_MORE_1_CHRGS_____ODPCF":" "
    "TOTAL_INCL_1_PRICE_FOR_ADDTL__CHRG_____ODMLAC":"0.0"
    "Y\/N\/1=_1_OR_MORE_1_CHRGS_____ODACF":" "
    "TOTAL_INCL_1_PRICE_WHOLE_ORDER_CHARGES_____ODMLWC":"0.0"
    "Y\/N\/1=_1_OR_MORE_1_CHRGS_____ODWCF":" "
    "BASE\/BOOK_PRICE_____ODBPRC":"2.0"
    "BASE\/BOOK_UOM_____ODBUOM":"LB "
    "BASE\/BOOK_PRICE_EXT_____ODBEXT":"24017.32"
    "ADJUSTED_BOOK_PRICE_____ODJPRC":"2.0"
    "ADJUSTED_BOOK_UOM_____ODJUOM":"LB "
    "ADJUSTED_BOOK_PRICE_EXT_____ODJEXT":"24017.32"
    "COMBINABLE_CODE_____ODCBNC":"  "
    "PRICING_METHOD_FROM_QUOTES_____ODPMTH":"N"
    "NEG_PRICE_KEYED_Y\/N_____ODNEGY":"Y"
    "ORIGINAL_PRICE_METHOD_____ODOPMT":"N"
    "Y\/N\/______ODTLR":" "
    "TOTAL_LBS_____ODTLBS":"12008.66"
    "TOTAL_PCS_____ODTPCS":"25.0"
    "TOTAL_FTS_____ODTFTS":"78.646000000000001"
    "TOTAL_SQUARE_FT_____ODTSFT":"0.001"
    "Theo":{
    "_Meters_____ODTMTR":"23.971
}
    "Theo_Kilos_____ODTKG":"5447.0919999999996"
    "TOTAL_FTS_____ODPFTS":"0.0"
    "TOTAL_SQUARE_FT_____ODPSFT":"0.0"
    "Weight_Factor_____ODWGTF":"12.724407449999999"
    "Unit_Weight_____ODUNTW":"0.0"
    "WIDTHDRAWN_QUANTITY_____ODWDRW":"78.646000000000001"
    "INVENTORY_RESERVE_QUANTITY_____ODINVR":"78.646000000000001"
    "3_POSITION_CLASS_____ODCLAS":"ATH"
    "ITEM_SUB-CLASS_____ODSCLS":"        "
    "CALCULATING_WIDTH_____ODWDTH":"0.0"
    "CALCULATING_LENGTH_____ODLENG":"37.75"
    "Display_Width_____ODDSPW":"         "
    "Display_Length_____ODDSPL":"37.75    "
    "Dimen":{
    "_Expressed_Imperial\/Metric_____ODDEXP":"I
}
    "Inventory_Code_____ODINVC":"F"
    "TAG_CODE_____ODTAGC":"T"
    "COST_METHOD_____ODCSTM":"1"
    "Shape_____ODSHAP":"T"
    "Item_Level_Payment_Terms_____ODPYMT":"1.0"
    "FRACTIONAL_WHOLE_INCHES_WIDTH_____ODWFRC":"0.0"
    "FRACTIONAL_NUMERATOR_WIDTH_____ODWFRN":"0.0"
    "FRACTIONAL_DENOMINATOR_WIDTH_____ODWFRD":"0.0"
    "FRACTIONAL_WHOLE_INCHES_LENGTH_____ODLFRC":"0.0"
    "FRACTIONAL_NUMERATOR_LENGTH_____ODLFRN":"0.0"
    "FRACTIONAL_DENOMINATOR_LENGTH_____ODLFRD":"0.0"
    "FASTPATH\/ITEM__F\/I__CODE_____ODFICD":"F"
    "INVENTORY_RSRV_DIST_____ODINVD":"1.0"
    "INBOUND_ORDER_TYPE_____ODIBOT":"  "
    "INBOUND_ORDER_DISTRICT_____ODIBOD":"0.0"
    "INBOUND_ORDER_NUMBER_____ODIBOR":"0.0"
    "INBOUND_LINE_NUMBER_____ODIBLN":"0.0"
    "REMOTE_INVENTORY_VENDOR_____ODVNDR":"0.0"
    "CUSTOMER_PART_NUMBER_____ODCPRT":"54140-09500-M0575        "
    "CUT_ITEM_Y\/N_____ODCUTY":"A"
    "CONTRACT_NUMBER_____ODCONT":"0.0"
    "Line_Type_____ODLTYP":"N"
    "SLIT_COIL_\/_SHEET_ANALYSIS_FLAG_____ODSLIT":" "
    "NUMBER_OF_CERTS_____ODCERT":"0.0"
    "NUMBER_OF_MILL_TESTS_____ODMILT":"0.0"
    "Heat_#_____ODHEAT":"               "
    "LIST_NUMBER_____ODLIST":"     "
    "SLAB_NUMBER_____ODSLAB":"          "
    "BACK_ORDER_QUANTITY_____ODBKQT":"0.0"
    "BACK_ORDER_UOM_____ODBKUM":"   "
    "BACK_ORDER_WHOLE_INCHES_____ODBKIN":"0.0"
    "ORIGINAL_QUANTITY_ORDERED_____ODORQT":"25.0"
    "ORIGINAL_UOM_____ODOUOM":"EA "
    "ORIGINAL_WHOLE_INCHES_____ODORIN":"0.0"
    "MACHINE_HOURS_____ODMHRS":"0.0"
    "ORDER_DATE_CENTURY_____ODOCC":"20.0"
    "ORDER_DATE_YEAR_____ODOYY":"25.0"
    "ORDER_DATE_MONTH_____ODOMM":"2.0"
    "ORDER_DATE_DAY_____ODODD":"24.0"
    "REQ_DELIVERY_CENTURY_____ODRQCC":"20.0"
    "REQ_DELIVERY_YEAR_____ODRQYY":"25.0"
    "REQ_DELIVERY_MONTH_____ODRQMM":"2.0"
    "REQ_DELIVERY_DAY_____ODRQDD":"27.0"
    "ZERO_STOCK_FOUND___Y\/N_____ODZ":" "
    "DAMAGED_MATERIAL___Y\/N_____ODD":" "
    "CUT_SIZES_ONLY____Y\/N_____ODC":" "
    "RESTOCK_LINES_Y\/N_____ODRLF":"N"
    "BOOKINGS_FLAG_Y\/N_____ODBKFL":" "
    "SIZE_1_____ODSIZ1":"9.5"
    "SIZE_2_____ODSIZ2":"5.75"
    "SIZE_3_____ODSIZ3":"1.875"
    "SIZE_4_____ODSIZ4":"0.0"
    "UNITEDS_USE_____ODFLD1":"     "
    "BILL_OF_LADING_FLAG_____ODBOLF":"N"
    "EDI_TRANS_NUMBER_____ODEDI#":"         "
    "CUST_MATL_SPEC_CD_____ODCMSP":"               "
    "PULL_SIGNAL_____ODPULL":"          "
    "RELEASE_CREATION_DATE_____ODRCDT":"0.0"
    "REQ_SHIP_DATE_____ODRSDT":"0.0"
    "REQ_SHIP_TIME_____ODRSTM":"0.0"
    "AVG_COST_EXT_____ODACSX":"14453.959999999999"
    "MILL_ITEM_____ODMPL":"    "
    "EXCHANGE_PRICE_____ODXSEL":"0.0"
    "EXCHANGE_$_AMT_____ODXAMT":"0.0"
    "MATERIAL_WEIGHT_____ODMLBS":"0.0"
    "COMPLETION_CENTURY_____ODCCC":"20.0"
    "COMPLETION_YEAR_____ODCYY":"25.0"
    "COMPLETION_MONTH_____ODCMM":"2.0"
    "COMPLETION_DAY_____ODCDD":"27.0"
    "TRIM_CUT_ITEMq_____ODTRMC":" "
    "Buyout_Unit_Wgt_____ODBUNW":"0.0"
    "DELIVERY_HOLD_FOR_RELEASE_____ODDHFR":"N"
    "PRICE_FIRM_q_____ODFIRM":" "
    "CUSTOMER_REFERENCE_____ODCREF":"0025222-00               "
    "CUST":{
    "QTY_REFERENCE_____ODQREF":"0.0
}
    "Print_Seq#_____ODPSQ#":"0.0"
    "BILL_OF_MAT_ITEMq_____ODBOMI":"N"
    "PO_LINE#_SEQ#_____ODPOLS":"0.0"
    "QUOTE_PRT":{
    "SEQ#_____ODQPS#":"10.0
}
    "Rebate_Program_Name_____ODRPGM":"               "
    "CUSTOMER_LINE#_____ODCLIN":"0.0"
    "CUSTOMER_LINE#_SEQ#_____ODCLSQ":"0.0"
    "TEST_RPT_CHECKING_____ODTRCK":" "
    "Inner_Diameter_____ODIND":"5.75"
    "Outside_Diameter_____ODOUTD":"9.5"
    "Wall_____ODWALL":"1.875"
    "ALLOY_____ODALOY":"        "
    "TEMPER_____ODTEMP":"      "
    "MOV_Pricing_Code_____ODABCC":" "
    "Percent_of_Price_____ODABCP":"0.0"
    "INV":{
    "RESERVE_QUOTE_Y\/N_____ODRESF":"N
}
    "REMOVE_RESERVE_DATE_CC_____ODRSCC":"20.0"
    "REMOVE_RESERVE_DATE_YY_____ODRSYY":"26.0"
    "REMOVE_RESERVE_DATE_MM_____ODRSMM":"2.0"
    "REMOVE_RESERVE_DATE_DD_____ODRSDD":"24.0"
    "STOCK_INV":{
    "QTY_FOR_PRICING_____ODINVP":"78.646000000000001
}
    "L\/M_Time_____ODTIMS":"134900022425.0"
    "L\/M_User_____ODLMUS":"TRANDAZZ  "
    "KERF_WIDTH_____ODKWID":"0.0"
    "KERF_LENGTH_____ODKLEN":"0.0"
    "QA_Check_order_____ODQACK":" "
    "SCRAP_DEVALUATION_____ODSDEV":"0.0"
    "MIN_MIC_READING_____ODMINM":"0.0"
    "MAX_MIC_READING_____ODMAXM":"0.0"
    "Matl_Spec_____ODSPEC":"               "
    "Matl_Spec_Issue_____ODSPIS":"   "
    "Sales_Approval_____ODSAPR":"N"
    "BOL_Inventory_Removal_____ODBOLR":" "
    "BOL_Tags_Ship_Complete_____ODBOLS":" "
    "Inv_Comp_____ODICMP":"1.0"
    "Part#_Revision_____ODPRTR":"     "
    "Taxable_____ODTAX":"Y"
    "Orig_Cost_Factor_____ODOCST":"2.0"
    "Hr_Avail\/Day_____ODMHR":"0.0"
    "Min_Avail\/Day_____ODMMIN":"0.0"
    "Reservation_Balance_____ODRBAL":"0.0"
    "Extra_Flag_____ODFLAG1":" "
    "Extra_Flag_____ODFLAG2":" "
    "Extra_Flag_____ODFLAG3":" "
    "Blanket_Ref_Line_____ODBLINE":"0.0"
    "Blanket_Ref_Item_____ODBITEM":"     
}]
mrs,z_Open_Order_File_____OEOPNORD,ORDER_NUMBER_____OOORDR,OOORDR,ORDER_NUMBER_____OOORDR,Yes,No,100934.0,99949.0,1,1,Found 1 matches. All matches:
[{
    "Record_Code_____OORECD":"W"
    "Order_Type_____OOTYPE":"A"
    "O\/E_Dist#_____OODIST":"1.0"
    "ORDER_NUMBER_____OOORDR":"968207.0"
    "CUSTOMER_DISTRICT_____OOCDIS":"1.0"
    "CUSTOMER_NUMBER_____OOCUST":"565.0"
    "CUSTOMER_SHIP-TO_____OOSHTO":"0.0"
    "ORDER_DATE_CENTURY_____OOOCC":"20.0"
    "ORDER_DATE_YEAR_____OOOYY":"25.0"
    "ORDER_DATE_MONTH_____OOOMM":"2.0"
    "ORDER_DATE_DAY_____OOODD":"24.0"
    "REQUESTED_SHIP_CENTURY_____OORQCC":"20.0"
    "REQUESTED_SHIP_YEAR_____OORQYY":"25.0"
    "REQUESTED_SHIP_MONTH_____OORQMM":"2.0"
    "REQUESTED_SHIP_DAY_____OORQDD":"27.0"
    "ORG_REQ_SHIP_CENTURY_____OORRCC":"20.0"
    "ORG_REQ_SHIP_YEAR_____OORRYY":"25.0"
    "ORG_REQ_SHIP_MONTH_____OORRMM":"2.0"
    "ORG_REQ_SHIP_DAY_____OORRDD":"27.0"
    "ACTUAL_SHIP_CENTURY_____OOACCC":"20.0"
    "ACTUAL_SHIP_YEAR_____OOACYY":"25.0"
    "ACTUAL_SHIP_MONTH_____OOACMM":"2.0"
    "ACTUAL_SHIP_DAY_____OOACDD":"27.0"
    "BRANCH_SHIPPED_FROM_____OOBRSH":"1.0"
    "CUSTOMER_PO_NUMBER_____OOCPO":"0025222-00            "
    "RELEASE_NUMBER_____OORELS":"               "
    "INSIDE_SALESMAN_DISTRICT_____OOISMD":"1.0"
    "INSIDE_SALESMAN_NUMBER_____OOISMN":"8.0"
    "COMPANY_NUMBER_____OOCOMP":"1.0"
    "OUTSIDE_SALESMAN_DISTRICT_____OOOSMD":"1.0"
    "OUTSIDE_SALESMAN_NUMBER_____OOOSMN":"9.0"
    "OUTSIDE_SALESMAN__2_DISTRICT_____OOSMD2":"0.0"
    "OUTSIDE_SALESMAN_2_NUMBER_____OOSMN2":"0.0"
    "OUTSIDE_SALESMAN__3_DISTRICT_____OOSMD3":"0.0"
    "OUTSIDE_SALESMAN_3_NUMBER_____OOSMN3":"0.0"
    "OUTSIDE_SALESMAN_1_COMMISSIONED_Y\/N_____OOSMC1":"N"
    "OUTSIDE_SALESMAN_2_COMMISSIONED_Y\/N_____OOSMC2":"N"
    "Work_Order_Printed_Y\/N_____OOSMC3":"Y"
    "DISCOUNT_TERMS_____OODTRM":"1.0"
    "TERMS_OF_SALE_____OOSTRM":"2.0"
    "TAXABLE_Y\/N_____OOTAXY":"N"
    "METRIC_Y\/N_____OOMTRC":"N"
    "NUMBER_OF_INVOICES_____OOINVC":"1.0"
    "SPECIAL_INVOICE_HANDLING_____OOSPIY":"E"
    "CONSOLIDATE_INV_Y\/N_____OOCONY":"N"
    "CUSTOMER_PARENT_CODE_____OOPARN":"    "
    "CUSTOMER_PRICE_CLASS_____OOPRCL":"01"
    "CUSTOMER_PRICE_CODE_____OOPRCO":"  "
    "CONSULT_ON_PRICE_____OOCLSY":"N"
    "GENERIC_CPA_CODE_____OOGCPA":"  "
    "Tax_Country_____OOCTRY":"USA"
    "STATE_ABBREV_____OOSTAT":"LA"
    "STATE_Code_____OOSTCD":"0.0"
    "CITY_TAX_CODE_____OOCICD":"   "
    "COUNTY_TAX_CODE_____OOCNTY":"  "
    "OTHER_TAX_CODE_____OOOTCD":"  "
    "FED_TAX_CODE_____OOFTCD":"   "
    "FED_TAXABLEq_____OOFTTX":"N"
    "FED_TAX_EXEMPTq_____OOFTEX":" "
    "MATERIAL_SALES_____OOMSLS":"23999.560000000001"
    "FREIGHT_SALES_____OOFRTS":"0.0"
    "NET_SALES_____OONSAL":"23999.560000000001"
    "NET_A\/R_____OONAR":"23999.560000000001"
    "SALES__DISCOUNT_____OODISC":"0.0"
    "MATERIAL_COST_____OOMCST":"14453.959999999999"
    "FREIGHT___IN__COST_____OOFRTI":"0.0"
    "FREIGHT____OUT__COST_____OOFRTO":"0.0"
    "FINANCIAL_SCRAP__FACTOR_COST_____OOFSFA":"0.0"
    "ADMINISTRATIVE__BURDEN__COST_____OOADMB":"0.0"
    "OPERATIONAL___BURDEN__COST_____OOOPRB":"0.0"
    "NET_COST_____OONCST":"14453.959999999999"
    "TOTAL_ORDER_WEIGHT_____OOTWGT":"12008.66"
    "ADDITIONAL_CHARGE_SALES_INSIDE_____OOASLI":"0.0"
    "ADDITIONAL_CHARGE_COST_INSIDE_____OOACSI":"0.0"
    "ADDITIONAL_CHARGE_SALES_OUTSIDE_____OOASLO":"0.0"
    "ADDITIONAL_CHARGE_COST_OUTSIDE_____OOACSO":"0.0"
    "CUTTING_CHARGE_SALES_INSIDE_____OOCSLI":"0.0"
    "CUTTING_CHARGE_COST_INSIDE_____OOCCSI":"0.0"
    "CUTTING_CHARGE_SALES_OUTSIDE_____OOCSLO":"0.0"
    "CUTTING_CHARGE_COST_OUTSIDE_____OOCCSO":"0.0"
    "WHOLE_ORDER_CHARGE_SALES_TOTAL_____OOWCSL":"0.0"
    "WHOLE_ORDER_CHARGE_COST_TOTAL_____OOWCCS":"0.0"
    "DUTY_COST_EXT_____OODCST":"0.0"
    "HANDLING_CHARGE_____OOHNDL":"0.0"
    "PROCESSING_CHARGE_____OOPSSG":"0.0"
    "GROSS_PROFIT_$_AMT_____OOGP$":"9545.6000000000004"
    "ADJ_GROSS_PROFIT_%_____OOGPPC":"39.770000000000003"
    "GROSS_MARGIN_$_AMT_____OOGM$":"9545.6000000000004"
    "GROSS_MARGIN_%_____OOGMPC":"39.770000000000003"
    "STATE_SALES_TAX_RATE_____OOSTRT":"0.0"
    "COUNTY_SALES_TAX_RATE_____OOCNRT":"0.0"
    "CITY_SALES_TAX_RATE_____OOCTRT":"0.0"
    "OTHER_SALES_TAX_RATE_____OOOTRT":"0.0"
    "TAXABLE_AMOUNT_____OOTXAB":"0.0"
    "STATE_SALES_TAX_AMOUNT_____OOSTXA":"0.0"
    "COUNTY_SALES_TAX_AMOUNT_____OOCNXA":"0.0"
    "CITY_SALES_TAX_AMOUNT_____OOCTXA":"0.0"
    "OTHER_SALES_TAX_AMOUNT_____OOOTXA":"0.0"
    "FEDERAL_SALES_TAX_AMOUNT_____OOFTXA":"0.0"
    "FREIGHT_TAXABLE_Y\/N_____OOFRTY":"N"
    "CREDIT_MEMO_REASON_CODE_____OOCMRS":"  "
    "QUOTE_REASON_CODE_____OOQTRS":"0.0"
    "ORDER_REASON_CODE_____OOOERS":"0.0"
    "CONT_COMP_NAME_____OOCCMP":"                                   "
    "CONT_CUST_NAME_____OOCCUS":"                                   "
    "CONT_PHONE_____OOCPHN":"               "
    "ORIGINAL_ORDER_DISTRICT_____OOBODI":"0.0"
    "ORIGINAL_ORDER_ORDER_#_____OOBOOD":"0.0"
    "BACKORDERS_Y\/N_____OOBKOY":" "
    "\"UPSABLE\"_(Y\/N)_____OOUPS":" "
    "PREVIOUSLY_HFR_ORDER_(Y\/_)_____OOHFRF":" "
    "PROCESSED_ORDER_(Y\/_)_____OOPRCD":" "
    "INVOICE_CENTURY_____OOICC":"20.0"
    "INVOICE_YEAR_____OOIYY":"25.0"
    "INVOICE_MONTH_____OOIMM":"2.0"
    "INVOICE_DAY_____OOIDD":"28.0"
    "Time_____OOITIM":"102611.0"
    "USER_____OOIUSR":"CSTEWART  "
    "MAIL_INVOICE_(Y\/N)_____OOMAIL":"Y"
    "Discount_Days_Allowed_-_A\/R_____OODSCD":"30.0"
    "Credit_Held_(Y\/N)_____OOCRED":"N"
    "Price_Held_(Y\/N)_____OOPRIC":"N"
    "Stock_Out_Hold_(Y\/N)_____OOSTCK":"N"
    "Held_From_Material_Processing_(Y\/N)_____OOHMP":"N"
    "Contract_Held_(Y\/N)_____OOHCNT":"N"
    "Ship_Held_(Y\/N)_____OOSHPH":"N"
    "Back_Order_Held_____OOBKOH":"N"
    "Credit_Held_Reason_____OOCHRS":"0.0"
    "Contract_Number_____OOCNTR":"               "
    "Ready_for_Invoicing_Flag_(Y\/N)_____OOINFL":"Y"
    "O\/E_In_Use_Code_____OOINUS":" "
    "Was_A_Future_Order_Flag_(Y\/N)_____OOWAFO":" "
    "Theo\/Actual_Flag_____OOSTAF":"Y"
    "BILL_OF_LADING_FLAG_____OOBOLF":" "
    "EDI_TRANS_NUMBER_____OOEDI#":"         "
    "Transaction_Type_____OOETYP":"  "
    "RELEASE_CREATION_DATE_____OORCDT":"0.0"
    "RELEASE_CREATION_TIME_____OORCTM":"0.0"
    "HORIZON_START_DATE_____OOHSTR":"0.0"
    "HORIZON_STOP_DATE_____OOHSTP":"0.0"
    "FORCAST_ORDER#_____OOFORD":"               "
    "EDI_SUPPLIER_ID_CODE_____OOISSU":"                 "
    "SHIPMENT_CONTROL_NUMBER_____OOSCTR":"                              "
    "Order_designation_Code_____OODSGN":"0.0"
    "ULTIMATE_CUST_NAME_____OOUCN":"                         "
    "ULTIMATE_CUST_PO#_____OOUCPO":"               "
    "ULTIMATE_CUST_REL#_____OOUREL":"          "
    "Cust":{
    "owned_Matl_Sale_____OOCMAT":" 
}
    "ORIGINAL_ORDER_DISTRICT_____OOOOD#":"0.0"
    "ORIGINAL_ORDER_NUMBER_____OOOON#":"0.0"
    "CURRENCY_EXCHq_____OOPFMX":"N"
    "Exch_Currency_____OOXCTY":"   "
    "Exchange_Rate_____OOXRAT":"0.0"
    "Exch_Rate_Lock_____OOXRLK":"N"
    "EX_NET_AR_____OOXAMT":"0.0"
    "EX_MATERIAL_SALES_____OOXMSL":"0.0"
    "EX_FREIGHT_SALES_____OOXFSL":"0.0"
    "EX_NET_SALES_____OOXNSL":"0.0"
    "EX_CUTTING_CHARGE_SALES_INSIDE_____OOXCSI":"0.0"
    "EX_CUTTING_CHARGE_SALES_OUTSIDE_____OOXCSO":"0.0"
    "EX_WHOLE_ORDER_CHARGE_SALES_____OOXWCS":"0.0"
    "EX_ADDTL_CHARGE_SALES_INSIDE_____OOXASI":"0.0"
    "EX_ADDTL_CHARGE_SALES_OUTSIDE_____OOXASO":"0.0"
    "EXCH_STATE_TAX_AMT_____OOXSTA":"0.0"
    "EXCH_COUNTY_TAX_AMT_____OOXCNA":"0.0"
    "EXCH_CITY_TAX_AMT_____OOXCTA":"0.0"
    "EXCH_OTHER_TAX_AMT_____OOXOTA":"0.0"
    "EXCH_FED_TAX_AMT_____OOXFTA":"0.0"
    "Effective_Century_____OOEFCC":"0.0"
    "Effective_Year_____OOEFYY":"0.0"
    "Effective_Month_____OOEFMM":"0.0"
    "Effective_Day_____OOEFDD":"0.0"
    "Language_Country_____OOLANG":"   "
    "Scheduling_Hold_Flag_____OOSCHH":" "
    "Scheduling_Priority_____OOSCHP":"0"
    "Estimated_Ready_Cent_____OOESCC":"20.0"
    "Estimated_Ready_Year_____OOESYY":"25.0"
    "Estimated_Ready_Mnth_____OOESMM":"2.0"
    "Estimated_Ready_Day_____OOESDD":"27.0"
    "Scheduled_Ship_CC_____OOSSCC":"0.0"
    "Scheduled_Ship_YY_____OOSSYY":"0.0"
    "Scheduled_Ship_MM_____OOSSMM":"0.0"
    "Scheduled_Ship_DD_____OOSSDD":"0.0"
    "Credit_Card_Acct_____OOACCT":"                    "
    "35_POSITION_NAME_____OONAME":"                                   "
    "Century_____OOEXCC":"0.0"
    "YEAR_____OOEXYY":"0.0"
    "MONTH_____OOEXMM":"0.0"
    "Credit_Card_Type_____OOCCTP":"    "
    "Approval_Type_____OOCCAP":"     "
    "C\/C_APPROVAL_AMT_____OOCCAA":"0.0"
    "DELIVERY_HOLD_FOR_RELEASE_____OODHFR":"N"
    "CUSTOMER_REFERENCE_____OOCREF":"                         "
    "Audited_Century_____OOAUCC":"20.0"
    "Audited_Year_____OOAUYY":"25.0"
    "Audited_Month_____OOAUMM":"2.0"
    "Audited_Day_____OOAUDD":"24.0"
    "Audited_User_____OOAUUS":"          "
    "Audited_Time_____OOAUTM":"0.0"
    "Special_Chg_Order_____OOSPCO":"N"
    "Driver_Dist#_____OODRDS":"0.0"
    "Driver#_____OODRVR":"0.0"
    "Order_EDI_Y\/N_____OOEDI":" "
    "WEB_Quotes\/Orders_____OORELY":" "
    "Bid_or_Quote_B\/Q_____OOBIDQ":"Q"
    "Misc":{
    "_Billing_____OOSCRT":" 
}
    "Proforma_Invoice_Produced_____OOPRFI":" "
    "Test_Report_Printed_____OOTSTP":" "
    "Delivery_Rcpt_Printed_____OODLVP":" "
    "Pack_Info_Entered_____OOPKIN":" "
    "Manually_Released_____OOMANR":" "
    "Copied_Quote_____OOCOPQ":" "
    "Referenced_On_A_C\/M_____OORFCM":" "
    "Delivery_Date_Code_____OODDCD":"A"
    "Hot_Order_____OOHOT":"N"
    "Export_Hold_(Y\/N)_____OOEXPH":"N"
    "Time_Order_Entered_____OOENTT":"0.0"
    "Time_Order_to_Ship_____OOSHPT":"0.0"
    "Use_Tax_Limit_(Y\/N\/C\/B_____OOCLMT":"N"
    "Sales_Approval_____OOSAPR":"N"
    "Credit_Card\/Co_name_____OOCCCO":"                                   "
    "Billing_Addr1_____OOCAD1":"                                   "
    "ADDRESS_TWO_____OOCAD2":"                                   "
    "ADDRESS_THREE_____OOCAD3":"                                   "
    "CITY_25_POS_____OOCCTY":"                         "
    "State_Code_____OOCSTA":"  "
    "ZIP_CODE_12_POS_____OOCZIP":"            "
    "Country_____OOCCTR":"   "
    "PHONE\/FAX#_____OOCPHO":"                  "
    "Verification#_____OOCCOD":"    "
    "CC_Approval_Code_____OOCAPC":"      "
    "Inv_Comp_____OOICMP":"1.0"
    "ULTIMATE_CUST_PO#_____OOUCPN":"                         "
    "MILL_ORDER_#_____OOMPO#":"                              "
    "CITY_TAX_CODE_____OOCTTX":"     "
    "COUNTY_TAX_CODE_____OOCNTX":"   "
    "STATE_TAX_CODE_____OOSTTX":"  "
    "JOB_NAME_____OOJOB":"                                   "
    "Sigmanest_Ref_____OOSIGR":"               "
    "Contact_email_____OOCEMAL":"                                                  "
    "Contact_Fax#_____OOCFAX":"                  "
    "FISCAL_PERIOD_____OOGLPP":"2.0"
    "FISCAL_YEAR_____OOGLYY":"25.0"
    "CUSTOMER_BILL-TO_____OOBLTO":"0.0"
    "Debit_Card_Used_____OODEBIT":" 
}]
mrs,z_Order_Profile_File_____OEPROFIL,ORDER_NUMBER_____OPORDR,OPORDR,ORDER_NUMBER_____OPORDR,Yes,No,100934.0,99949.0,1,1,Found 1 matches. All matches:
[{
    "A=ACTIVE__D=DELETED_____OPRECD":"A"
    "Q=QUOTE_F=FUTURE_B=BUYOUT_D=MILL_DIRECT_____OPTYPE":"A"
    "DISTRICT_NUMBER_____OPDIST":"1.0"
    "ORDER_NUMBER_____OPORDR":"968207.0"
    "CUSTOMER_DISTRICT_____OPCDIS":"1.0"
    "CUSTOMER_NUMBER_____OPCUST":"565.0"
    "Cust_Ship-to_Seq#_____OPSHTO":"0.0"
    "COMPANY_NUMBER_____OPCOMP":"1.0"
    "Ship_Via_____OPSVIA":"21.0"
    "F":{
    "O":{
    "B":{
    "_Type_____OPFOB":"1.0
}}}
    "Unload_Type_____OPUTYP":"1.0"
    "Pack_Type_____OPPTYP":"1.0"
    "RECEIVING_HOURS_____OPRHRS":"           "
    "Receiving_Manager_____OPRMAN":"               "
    "Receiving_Days_____OPRDAY":"       "
    "Lunch_Hours_____OPLHRS":"           "
    "Call_Days_____OPCALD":"0.0"
    "Call_First_Y_or_N_____OPCALY":"N"
    "Call_Person_____OPCALP":"               "
    "Call_Phone_____OPCAL#":"337 232 6155      "
    "WEIGHT_CAPACITY_____OPWCAP":"0.0"
    "OUTSIDE_DIAMETER_MIN\/MAX\/_____OPODMN":"     "
    "INSIDE_DIAMETER_MIN\/MAX\/_____OPIDMN":"     "
    "FREIGHT_FROM_____OPFRFR":"               "
    "FREIGHT_TO_____OPFRTO":"               "
    "Freight_Terms_____OPFRTM":"1.0"
    "FREIGHT_RATE_____OPFRAT":"0.0"
    "COMMON_CARRIER_____OPCOMC":"               "
    "Zone_____OPZONE":"  "
    "PRIMARY_ROUTE_NUMBER_____OPROUT":"0.0"
    "PRIMARY_STOP_SEQUENCE_____OPSTOP":"  "
    "SECONDARY_ROUTE_____OPROU2":"0.0"
    "SECONDARY_STOP_____OPSTO2":"  "
    "MAX_PKG_WEIGHT_____OPMXPK":"0.0"
    "MIN_PKG_WEIGHT_____OPMNPK":"0.0"
    "PACKAGE_WEIGHT_UNIT_____OPPKUN":"     "
    "MAX_SKID_WGHT_____OPMXSW":"0.0"
    "MAX_BUNDLE_WGHT_____OPMXBW":"0.0"
    "CUSTOMER_INSTR_1_____OPCIN1":"                                                            "
    "CUSTOMER_INSTR_2_____OPCIN2":"                                                            "
    "CUSTOMER_INSTR_3_____OPCIN3":"                                                            "
    "CUSTOMER_INSTR_4_____OPCIN4":"                                                            "
    "CUSTOMER_INSTR_5_____OPCIN5":"                                                            "
    "CUSTOMER_INSTR_6_____OPCIN6":"                                                            "
    "WAREHOUSE_INSTR_1_____OPWIN1":"                                                            "
    "WAREHOUSE_INSTR_2_____OPWIN2":"                                                            "
    "WAREHOUSE_INSTR_3_____OPWIN3":"                                                            "
    "WAREHOUSE_INSTR_4_____OPWIN4":"                                                            "
    "WAREHOUSE_INSTR_5_____OPWIN5":"                                                            "
    "WAREHOUSE_INSTR_6_____OPWIN6":"                                                            "
    "Ship-To_Name_____OPNAM":"                                   "
    "Ship-To_Address_One_____OPADR1":"                                   "
    "Ship-To_Address_Two_____OPADR2":"                                   "
    "Ship-To_Address_Two_____OPADR3":"                                   "
    "County_Name_____OPCONM":"                         "
    "Ship-To_City_____OPCITY":"                         "
    "Ship-To_County_____OPCNTY":"  "
    "Ship-To_State_____OPSTAT":"  "
    "Ship-To_State_Code_____OPSTCD":"0.0"
    "Country_Code_____OPCNTR":"   "
    "Language_Country_____OPLANG":"   "
    "Ship-To_City_Tax_Code_____OPCTCD":"   "
    "Ship-To_County_Tax_Code_____OPCNCD":"  "
    "Ship-To_Other_Tax_Code_____OPOTCD":"  "
    "FED_TAX_CODE_____OPFTCD":"   "
    "Ship-To_Zip_Code_____OPZIP":"            "
    "CURRENCY_EXCHq_____OPPFMX":" "
    "Exch_Currency_____OPCEXC":"   "
    "BILL_OF_LADING_____OPBOL":"156670         "
    "OUTSIDE_DIAMETER_MINIMUM_____OPFODN":"0.0"
    "OUTSIDE_DIAMETER_MAXIMUM_____OPFODX":"0.0"
    "INSIDE_DIAMETER_MINIMUM_____OPFIDN":"0.0"
    "INSIDE_DIAMETER_MAXIMUM_____OPFIDX":"0.0"
    "EDI_ship_location_____OPSLOC":"                 "
    "DELIVERY_PHONE#_____OPDLPH":"                     "
    "APPOINTMENT#_____OPAPPT":"                 "
    "Delivery_Days_Delay_____OPDYSD":"0.0"
    "Acceptable_Early_Delivery_Days_____OPAEDY":"0.0"
    "Ship_Completeq_____OPSHPC":"N"
    "Shop_OLD_____OPSHOP":"     "
    "BOL_PRO#_____OPPRO#":"                  "
    "Invoice_Type_____OPITYP":"D"
    "Test_Report_Envelope_Name_____OPTREN":"               "
    "QA_Check_order_____OPQACK":"N"
    "Shop_____OPSHP2":"                    "
    "Inv_Comp_____OPICMP":"1.0"
    "Ship-To_City_Tax_Code_____OPCTTX":"     "
    "Ship-To_County_Tax_Code_____OPCNTX":"   "
    "Tax_State_____OPSTTX":"  "
    "Salesman_One_District_Number_____OPMDI1":"0.0"
    "Salesman_One_Number_____OPLMN1":"0.0"
    "Salesman_Two_District_Number_____OPMDI2":"0.0"
    "Salesman_Two_Number_____OPLMN2":"0.0"
    "Salesman_Three_District_Number_____OPMDI3":"0.0"
    "Salesman_Three_Number_____OPLMN3":"0.0"
    "Sub_Code_____OPPKSB":"0.0
}]
mrs,z_Credit-Held_Order_Release_File_____OECRRELS,ORDER_NUMBER_____ORORDR,ORORDR,ORDER_NUMBER_____ORORDR,Yes,No,800977.0,971904.0,1,1,Found 1 matches. All matches:
[{
    "A=ACTIVE__D=DELETED__P=PRICE_HOLD_H=CREDIT_HOLD_____ORRECD":" "
    "Q=QUOTE_F=FUTURE_B=BUYOUT_D=MILL_DIRECT_____ORTYPE":"A"
    "O\/E_District_#_____ORDIST":"1.0"
    "ORDER_NUMBER_____ORORDR":"968207.0"
    "CUSTOMER_DISTRICT_____ORCDIS":"1.0"
    "CUSTOMER_NUMBER_____ORCUST":"565.0"
    "TRANS_DATE_CENTURY_____ORTCC":"20.0"
    "TRANS_DATE_YEAR_____ORTYY":"25.0"
    "TRANS_DATE_MONTH_____ORTMM":"2.0"
    "TRANS_DATE_DAY_____ORTDD":"24.0"
    "COMPANY_NUMBER_____ORCOMP":"1.0"
    "Credit_Analyst_District_____ORCADI":"1.0"
    "Credit_Analyst_Number_____ORCANO":"3.0"
    "RELS\/VIEW_____ORRORV":"R"
    "REASON\/COMMENT_____ORRESN":"                              "
    "L\/M_User_____ORUSER":"CREDIT    "
    "L\/M_Time_____ORTIME":"135608.0
}]
mrs,z_Order_Tracking_File_____ORDTRCK,ORDER_NUMBER_____OTORDR,OTORDR,ORDER_NUMBER_____OTORDR,No,Yes,100990.0,99674.0,1,1,Found 1 matches. All matches:
[{
    "A=ACTIVE__D=DELETED_____OTRECD":"A"
    "Company_Number_____OTCOMP":"1.0"
    "Transaction_Type_____OTTRNT":"OE"
    "O\/E_District_#_____OTDIST":"1.0"
    "ORDER_NUMBER_____OTORDR":"968207.0"
    "MAIN_LINE_____OTMLIN":"1.0"
    "Cust_District_#_____OTCDIS":"1.0"
    "CUSTOMER_NUMBER_____OTCUST":"565.0"
    "ORDER_TRACKING_CODE_____OTTRCK":"INVO"
    "L\/M_CENTURY_____OTLMCC":"20.0"
    "L\/M_YEAR_____OTLMYY":"25.0"
    "L\/M_MONTH_____OTLMMM":"2.0"
    "L\/M_DAY_____OTLMDD":"28.0"
    "L\/M_USER_____OTLMUS":"CSTEWART  
}]
mrs,z_Picker_Detail_File_____PICKDTL,O/E_ORDER_#_____PIORDR,PIORDR,O/E_ORDER_#_____PIORDR,Yes,No,600014.0,971883.0,1,1,Found 1 matches. All matches:
[{
    "TRANSACTION_TYPE_____PITTYP":"OE"
    "Record_Code_____PISTAT":"I"
    "ORDER_TYPE_____PITYPE":"A"
    "O\/E_DISTRICT_#_____PIDIST":"1.0"
    "O\/E_ORDER_#_____PIORDR":"968207.0"
    "O\/E_LINE_#_____PIMLIN":"1.0"
    "COMPANY_____PICOMP":"1.0"
    "CUSTOMER_DISTRICT_____PICDIS":"1.0"
    "CUSTOMER_#_____PICUST":"565.0"
    "ITEM_#_____PIITEM":"52050"
    "PROCESS_____PIPROC":"DSTR"
    "ORDER_QUANTITY_____PIIQTY":"25.0"
    "ORDER_UOM_____PIIUOM":"EA "
    "SHIPPED_POUNDS_____PISLBS":"12008.66"
    "SHIPPED_PIECES_____PISPCS":"25.0"
    "SHIPPED_FEET_____PISFTS":"78.646000000000001"
    "SHIPPED_UOM_____PISUOM":"F"
    "EMPLOYEE_NUMBER_____PIEMPL":"PBRYAN    "
    "EMPLOYEE_NAME_____PIEMPN":"PATSY BRYAN                        "
    "PICKED_CEN_BEG_____PICENB":"20.0"
    "PICKED_YEAR_BEG_____PIYERB":"25.0"
    "PICKED_MTH_BEG_____PIMONB":"2.0"
    "PICKED_DAY_BEG_____PIDAYB":"27.0"
    "PICKED_TIME_BEG_____PITIMB":"162120.0"
    "PICKED_CEN_END_____PICENE":"0.0"
    "PICKED_YEAR_END_____PIYERE":"0.0"
    "PICKED_MTH_END_____PIMONE":"0.0"
    "PICKED_DAY_END_____PIDAYE":"0.0"
    "PICKED_TIME_END_____PITIME":"0.0"
    "WORK_STATION_ID_____PIWSID":"          "
    "CLASS_____PICLAS":"ATH"
    "SUB_CLASS_____PISCLS":"        "
    "TAG_#_____PITAGC":"T"
    "INBOUND_ORDER_TYPE_____PIIBOT":"  "
    "INBOUND_ORDER_DISTRICT_____PIIBOD":"0.0"
    "INBOUND_ORDER_NUMBER_____PIIBOR":"0.0"
    "INBOUND_LINE_NUMBER_____PIIBLN":"0.0"
    "REMOTE_INVENTORY_VENDOR_____PIVNDR":"0.0"
    "CUT_ITEM_Y\/N_____PICUTY":"A"
    "BACK_ORDER_QUANTITY_____PIBKQT":"0.0"
    "BACK_ORDER_UOM_____PIBKUM":"   "
    "ORDER_DATE_CENTURY_____PIOCC":"20.0"
    "ORDER_DATE_YEAR_____PIOYY":"25.0"
    "ORDER_DATE_MONTH_____PIOMM":"2.0"
    "ORDER_DATE_DAY_____PIODD":"24.0"
    "REQ_DELIVERY_CENTURY_____PIRQCC":"20.0"
    "REQ_DELIVERY_YEAR_____PIRQYY":"25.0"
    "REQ_DELIVERY_MONTH_____PIRQMM":"2.0"
    "REQ_DELIVERY_DAY_____PIRQDD":"27.0"
    "SIZE_1_____PISIZ1":"9.5"
    "SIZE_2_____PISIZ2":"5.75"
    "SIZE_3_____PISIZ3":"1.875"
    "SIZE_4_____PISIZ4":"0.0"
    "MAINTAINED_CEN_____PIMNTC":"0.0"
    "MAINTAINED_YEAR_____PIMNTY":"0.0"
    "MAINTAINED_MON_____PIMNTM":"0.0"
    "MAINTAINED_DAY_____PIMNTD":"0.0"
    "MAINTAINED_USER_____PIMNTU":"          
}]
mrs,z_Shipments_File_____SHIPMAST,Transaction_#_____SHORDN,SHORDN,Transaction_#_____SHORDN,No,Yes,804176.0,971869.0,1,1,Found 1 matches. All matches:
[{
    "Record_Code_____SHRECD":"A"
    "COMPANY_NUMBER_____SHCOMP":"1.0"
    "DISTRICT_NUMBER_____SHDIST":"1.0"
    "Transaction_#_____SHORDN":"968207.0"
    "Cust_P\/O#_____SHCORD":"0025222-00            "
    "Order_Release_No":{
    "_____SHOREL":"               
}
    "ITEM_NUMBER_____SHITEM":"52050"
    "Model_Inventory_Flag_____SHMDIF":"Y"
    "Top_Item_Percentage_____SHTOPP":"0.0"
    "Shipment_Type_Flag_____SHTYPE":"OE"
    "Pricing_method_____SHPFLG":"N"
    "Cust_Owned_Flag_____SHCOFL":"N"
    "Scrap_Flag_____SHSCRP":"N"
    "Cutting\/Process_Flag_____SHCUTC":"A"
    "Shipment_Century_____SHIPCC":"20.0"
    "Shipment_Year_____SHIPYY":"25.0"
    "Shipment_Month_____SHIPMM":"2.0"
    "Shipment_Day_____SHIPDD":"27.0"
    "Related_part_flag_____SHRFLG":"N"
    "Shape_____SHSHAP":"T"
    "3_POSITION_CLASS_____SHCLS3":"ATH"
    "Salesman_Dist_____SHLDIS":"1.0"
    "Inside_Salesman_____SHINSM":"8.0"
    "Shipped_Qty_____SHSQTY":"78.646000000000001"
    "SHIPPED_QTY_UOM_____SHUOM":"FT "
    "Billing_Qty_____SHBQTY":"943.75"
    "BILLING_QTY_UOM_____SHBUOM":"IN "
    "BILLING_QTY_INCHES_____SHBINC":"0.0"
    "Order_Qty_____SHOQTY":"25.0"
    "ORDER_QTY_UOM_____SHOUOM":"EA "
    "ORDER_QTY_INCHES_____SHOINC":"0.0"
    "Shipped_Total_LBS_____SHTLBS":"12008.66"
    "Shipped_Total_PCS_____SHTPCS":"25.0"
    "Shipped_Total_FTS_____SHTFTS":"78.646000000000001"
    "Shipped_Total_Sq":{
    "Ft_____SHTSFT":"0.001
}
    "Theo":{
    "_Meters_____SHTMTR":"23.971
}
    "Theo_Kilos_____SHTKG":"5447.0919999999996"
    "Processing_Charge_____SHPRCG":"0.0"
    "Handling_Charge_____SHHAND":"0.0"
    "Customer_Dist_____SHCDIS":"1.0"
    "CUSTOMER_NUMBER_____SHCUST":"565.0"
    "Salesman_Dist_____SHTERR":"1.0"
    "Outside_Salesman_____SHOUTS":"9.0"
    "Line_Number_____SHLINE":"1.0"
    "Date_Ordered_Century_____SHORCC":"20.0"
    "Date_Ordered_Year_____SHORYY":"25.0"
    "Date_Ordered_Month_____SHORMM":"2.0"
    "Date_Ordered_Day_____SHORDD":"24.0"
    "Prom_Date_Century_____SHPRCC":"20.0"
    "Prom_Date_Year_____SHPRYY":"25.0"
    "Prom_Date_Month_____SHPRMM":"2.0"
    "Prom_Date_Day_____SHPRDD":"27.0"
    "Date_Inv_Century_____SHIVCC":"20.0"
    "Date_Inv_Year_____SHIVYY":"25.0"
    "Date_Inv_Month_____SHIVMM":"2.0"
    "Date_Inv_Day_____SHIVDD":"28.0"
    "Material_Sales_Stock_____SHMSLS":"23999.560000000001"
    "Matl_Sales_Direct_____SHMSLD":"0.0"
    "Frght_Sales_Stock_____SHFSLS":"0.0"
    "Frght_Sales_Direct_____SHFSLD":"0.0"
    "Proc_Sales_Stock_____SHPSLS":"0.0"
    "Process_Sales_Direct_____SHPSLD":"0.0"
    "Other_Sales_Stock_____SHOSLS":"0.0"
    "Other__Sales_Direct_____SHOSLD":"0.0"
    "Discount_Sales_Stock_____SHDSLS":"0.0"
    "Discnt_Sales_Direct_____SHDSLD":"0.0"
    "Material_Cost_Stock_____SHMCSS":"14453.959999999999"
    "Material_Cost_Direct_____SHMCSD":"0.0"
    "Freight-In_Cost_Stock_____SHFISS":"0.0"
    "Freight-In_Cost_Direct_____SHFISD":"0.0"
    "Frght-Out_Cost_Stock_____SHFOSS":"0.0"
    "Frght-Out_Cost_Direct_____SHFOSD":"0.0"
    "Fin_Scrap_Fctr_Stock_____SHFSFS":"0.0"
    "Fin_Scrap_Fctr_Direct_____SHFSFD":"0.0"
    "Processing_Cost_Stock_____SHPCSS":"0.0"
    "Processing_Cost_Direct_____SHPCSD":"0.0"
    "Other_Cost_Stock_____SHOCSS":"0.0"
    "Other_Cost_Direct_____SHOCSD":"0.0"
    "Admin_Burden_Stock_____SHADBS":"0.0"
    "Admin_Burden_Direct_____SHADBD":"0.0"
    "Oper_Burden_Stock_____SHOPBS":"0.0"
    "Oper_Burden_Direct_____SHOPBD":"0.0"
    "Inv_Adj_Stock_____SHIAJS":"0.0"
    "Inv_Adj_Direct_____SHIAJD":"0.0"
    "Sales_Qty_Stock_____SHSLSS":"78.646000000000001"
    "Sales_Qty_Direct_____SHSLSD":"0.0"
    "Sales_Weight_Stock_____SHSWGS":"12008.66"
    "Sales_Weight_Direct_____SHSWGD":"0.0"
    "Adjusted_GP%_____SHADPC":"39.770000000000003"
    "UNIT_PRICE_____SHUNSP":"25.43"
    "Unit_Selling_Price_UOM_____SHUUOM":"IN "
    "S\/A_addition_flag_____SHSAFL":"P"
    "Century_added_to_S\/A_____SHSACC":"20.0"
    "Year_added_to_S\/A_____SHSAYY":"25.0"
    "Month_added_to_S\/A_____SHSAMM":"2.0"
    "Day_added_to_S\/A_____SHSADD":"28.0"
    "Freight_local+road_____SHFRGH":"0.0"
    "Actual_Scrap_Dollars_____SHSCDL":"830.88999999999999"
    "Actual_Scrap_LBS_____SHSCLB":"690.32500000000005"
    "Actual_Scrap_KGS_____SHSCKG":"313.12900000000002"
    "Valid_Values_1_-_PRODUCT_NOT_STOCKED_____SHDBDC":" "
    "Truck_Route_____SHTRCK":"21 "
    "Order_designation_Code_____SHODES":"0.0"
    "Shop_OLD_____SHSHOP":"     "
    "CUSTOMER_SHIP-TO_____SHSHTO":"0.0"
    "BILL-TO_COUNTRY_____SHBCTY":"USA"
    "SHIP-TO_COUNTRY_____SHSCTY":"USA"
    "TEMP_SHIP-TOq_____SHTMPS":"N"
    "Sale_Territory_____SHSTER":"   "
    "Customer_Trade_____SHTRAD":"   "
    "Bus":{
    "_Potential_Class_____SHBPCC":"   
}
    "EEC_Code_____SHEEC":"  "
    "Sector_Code_____SHSEC":"   "
    "Invoice_Type_____SHITYP":" "
    "In_Sales_Dept_____SHDPTI":"LACEY          "
    "Out_Sales_Dept_____SHDPTO":"MONTY          "
    "Orig_cust_dist#_____SHDSTO":"1.0"
    "Orig_cust#_____SHCSTO":"565.0"
    "Orig_Slsmn_Dist_____SHSMDO":"1.0"
    "Orig_Slsmn_____SHSLMO":"9.0"
    "Inv_Comp_____SHICMP":"1.0"
    "ADDRESS_ONE_____SHADR1":"5308 MAIN HWY                      "
    "ADDRESS_TWO_____SHADR2":"                                   "
    "ADDRESS_THREE_____SHADR3":"                                   "
    "CITY_25_POS_____SHCITY":"PARKS                    "
    "State_Code_____SHSTAT":"LA"
    "Zip_Code_____SHZIP":"70582       "
    "Job_Name_____SHJOB":"                                   
}]
mrs,z_Additional_Charge_Transaction_File_____ADDCTRAN,Cust_Work_Order#_____ATCORD,ATCORD,Cust_Work_Order#_____ATCORD,No,Yes,     ,     ,0,0,No matches found
mrs,z______ADDHSTCT,Cust_Work_Order#_____ATCORD,ATCORD,Cust_Work_Order#_____ATCORD,No,No,NULL,NULL,0,0,No matches found
mrs,z_BDSEPR_-_Buyout_Override_info_____BDSEPR,Transaction_#_____BBORDR,BBORDR,Transaction_#_____BBORDR,No,Yes,10132.0,99716.0,0,0,No matches found
mrs,z_BDSEPR_-_Buyout_Override_info_____BDSEPRBH,Transaction_#_____BBORDR,BBORDR,Transaction_#_____BBORDR,No,Yes,115.0,800750.0,0,0,No matches found
mrs,z______POHSTDET,12_POSITION_ALPHA_____BDMORD,BDMORD,12_POSITION_ALPHA_____BDMORD,No,Yes,            ,            ,0,0,No matches found
mrs,z_Purchase_Order_Detail_File_____PODETAIL,12_POSITION_ALPHA_____BDMORD,BDMORD,12_POSITION_ALPHA_____BDMORD,No,Yes,            ,            ,0,0,No matches found
mrs,z_Purchase_Order_Header_File_____POHEADER,New_Order_District_____BHNORD,BHNORD,New_Order_District_____BHNORD,No,Yes,0.0,1.0,0,0,No matches found
mrs,z_Purchase_Order_Header_File_____POHEADERBH,New_Order_District_____BHNORD,BHNORD,New_Order_District_____BHNORD,No,Yes,0.0,1.0,0,0,No matches found
mrs,z______POHSTHDR,New_Order_District_____BHNORD,BHNORD,New_Order_District_____BHNORD,No,Yes,0.0,1.0,0,0,No matches found
mrs,z_Service_Purchase_Order_Header_File_____SPHEADER,Remote_Move__Order_____BSMORD,BSMORD,Remote_Move__Order_____BSMORD,No,Yes,0.0,0.0,0,0,No matches found
mrs,z_Service_Purchase_Order_Header_File_____SPHEADER,Transaction_#_____BSORDR,BSORDR,Transaction_#_____BSORDR,No,Yes,100990.0,99674.0,0,0,No matches found
mrs,z_Service_Purchase_Order_Detail_File_____SPDETAIL,Transaction_#_____BTORDR,BTORDR,Transaction_#_____BTORDR,No,Yes,100344.0,99674.0,0,0,No matches found
mrs,z_Customer_Master_History_File_____ARCUSHST,MTD_Number_of_Orders_____CHMORD,CHMORD,MTD_Number_of_Orders_____CHMORD,No,Yes,0.0,9.0,0,0,No matches found
mrs,z_Customer_Master_History_File_____ARCUSHST,Total_Number_Open_Orders_____CHOORD,CHOORD,Total_Number_Open_Orders_____CHOORD,No,Yes,0.0,9.0,0,0,No matches found
mrs,z_Customer_Master_History_File_____ARCUSHST,Total_Number_Quotes_____CHQORD,CHQORD,Total_Number_Quotes_____CHQORD,No,Yes,0.0,9.0,0,0,No matches found
mrs,z_Customer_Master_History_File_____ARCUSHST,YTD_Number_of_Orders_____CHYORD,CHYORD,YTD_Number_of_Orders_____CHYORD,No,Yes,0.0,9.0,0,0,No matches found
mrs,z_Customer_Parent_File_____CUSTPARN,MTD_No_of_Orders_____CPMORD,CPMORD,MTD_No_of_Orders_____CPMORD,No,Yes,0.0,2.0,0,0,No matches found
mrs,z_Customer_Parent_File_____CUSTPARN,YTD_No_of_Orders_____CPYORD,CPYORD,YTD_No_of_Orders_____CPYORD,No,Yes,0.0,67.0,0,0,No matches found
mrs,z_Credit_Memo_Detail_File_____CRDETAIL,Transaction_#_____CRDORD,CRDORD,Transaction_#_____CRDORD,No,Yes,812278.0,971739.0,0,0,No matches found
mrs,z_Credit_Memo_Header_File_____CRHEADER,CREDIT_MEMO_NUMBER_____CRHORD,CRHORD,CREDIT_MEMO_NUMBER_____CRHORD,Yes,No,812278.0,971739.0,0,0,No matches found
mrs,z_Year_End_Summary_of_ARCUSHST_____ARCUSYEH,Total_Number_Open_Orders_____CYOORD,CYOORD,Total_Number_Open_Orders_____CYOORD,No,Yes,0.0,9.0,0,0,No matches found
mrs,z_Year_End_Summary_of_ARCUSHST_____ARCUSYEH,Total_Number_Quotes_____CYQORD,CYQORD,Total_Number_Quotes_____CYQORD,No,Yes,0.0,9.0,0,0,No matches found
mrs,z_Year_End_Summary_of_ARCUSHST_____ARCUSYEH,YTD_Number_of_Orders_____CYYORD,CYYORD,YTD_Number_of_Orders_____CYYORD,No,Yes,0.0,99.0,0,0,No matches found
mrs,z_Quote_/_Order_Detail_History_File_____OEHISTRD,Quote/Order_Number_____DHQORD,DHQORD,Quote/Order_Number_____DHQORD,No,Yes,0.0,99998.0,0,0,No matches found
mrs,z_Daily_invoicing_analysis_____WFOE895,Order_Number_____DLORDR,DLORDR,Order_Number_____DLORDR,Yes,No,967017.0,970996.0,0,0,No matches found
mrs,z_Delivery_Tracking_Performance_File_____DELTRACK,Transaction_#_____DPORDR,DPORDR,Transaction_#_____DPORDR,Yes,No,600082.0,971809.0,0,0,No matches found
mrs,z_Daily_Flash_Report_____FLASHRPT,NUMBER_OF_ORDERS_____FLNORD,FLNORD,NUMBER_OF_ORDERS_____FLNORD,No,Yes,0.0,0.0,0,0,No matches found
mrs,z_Item_Master_File_____ITEMBG,Last_Receipt_Purchase_Order_____IMPORD,IMPORD,Last_Receipt_Purchase_Order_____IMPORD,No,Yes,0.0,0.0,0,0,No matches found
mrs,z_Item_Master_File_____ITEMMAST,Last_Receipt_Purchase_Order_____IMPORD,IMPORD,Last_Receipt_Purchase_Order_____IMPORD,No,Yes,0.0,518446.0,0,0,No matches found
mrs,z_Item_Master_File_____ITEMMASTXX,Last_Receipt_Purchase_Order_____IMPORD,IMPORD,Last_Receipt_Purchase_Order_____IMPORD,No,Yes,0.0,0.0,0,0,No matches found
mrs,z_Item_on_Hand_File_____ITEMONHDXX,Ordering_District_____IOORDI,IOORDI,Ordering_District_____IOORDI,No,Yes,1.0,1.0,0,0,No matches found
mrs,z_Item_on_Hand_File_____ITEMONHD,Ordering_District_____IOORDI,IOORDI,Ordering_District_____IOORDI,No,Yes,1.0,1.0,0,0,No matches found
mrs,z_Tag_Master_File_____ITEMTAG,Mill_Order_Number_Original_____ITMORD,ITMORD,Mill_Order_Number_Original_____ITMORD,No,Yes,                      ,                      ,0,0,No matches found
mrs,z_Tag_Master_File_____ITEMTAGB4,Mill_Order_Number_Original_____ITMORD,ITMORD,Mill_Order_Number_Original_____ITMORD,No,Yes,                      ,                      ,0,0,No matches found
mrs,z_Tag_Master_File_____ITEMTAGLAH,Mill_Order_Number_Original_____ITMORD,ITMORD,Mill_Order_Number_Original_____ITMORD,No,Yes,                      ,                      ,0,0,No matches found
mrs,z_Material_Processing_Order_Detail_____MPDETAIL,Transaction_#_____MDORDR,MDORDR,Transaction_#_____MDORDR,Yes,No,400155.0,402186.0,0,0,No matches found
mrs,z_M/P_Final_Detail_____MPHSTDET,Transaction_#_____MDORDR,MDORDR,Transaction_#_____MDORDR,No,Yes,400008.0,402185.0,0,0,No matches found
mrs,z_Material_Processing_Order_Profile_____MPPROFIL,Transaction_#_____MFORDR,MFORDR,Transaction_#_____MFORDR,Yes,No,400155.0,402186.0,0,0,No matches found
mrs,z_Material_Processing_Order_Header_____MPHDRORD,LINKED_ORDER_NUMBER_____MHLORD,MHLORD,LINKED_ORDER_NUMBER_____MHLORD,No,Yes,0.0,0.0,0,0,No matches found
mrs,z_M/P_Final_Header_____MPHSTHDR,LINKED_ORDER_NUMBER_____MHLORD,MHLORD,LINKED_ORDER_NUMBER_____MHLORD,No,Yes,0.0,0.0,0,0,No matches found
mrs,z_M/P_Final_Header_____MPHSTHDR,Transaction_#_____MHORDR,MHORDR,Transaction_#_____MHORDR,No,Yes,400008.0,402185.0,0,0,No matches found
mrs,z_Material_Processing_Order_Header_____MPHDRORD,Transaction_#_____MHORDR,MHORDR,Transaction_#_____MHORDR,Yes,No,400155.0,402186.0,0,0,No matches found
mrs,z_Manifest_____MNFEST,Transaction_#_____MNORDR,MNORDR,Transaction_#_____MNORDR,Yes,No,820590.0,930168.0,0,0,No matches found
mrs,z_MP_Setup_Control_File_____MPSETUP,ORDER_NUMBER_____MSORDR,MSORDR,ORDER_NUMBER_____MSORDR,Yes,No,400008.0,402189.0,0,0,No matches found
mrs,z_MP_Tracking_File_____MPTRCK,Transaction_#_____MTORDR,MTORDR,Transaction_#_____MTORDR,No,Yes,400145.0,402189.0,0,0,No matches found
mrs,z_mw100_reset_audit_trail_____MWRESET,Transaction_#_____MWORDR,MWORDR,Transaction_#_____MWORDR,No,Yes,0.0,99685.0,0,0,No matches found
mrs,z______OECHANGE,Transaction_#_____OCORDR,OCORDR,Transaction_#_____OCORDR,No,Yes,502.0,971880.0,0,0,No matches found
mrs,z_Quote_/_Order_History_Header_File_____OEHISTRY,Quote_Order_Number_____OHQORD,OHQORD,Quote_Order_Number_____OHQORD,No,Yes,0.0,99999.0,0,0,No matches found
mrs,z_Operational_Information_____OPERINFO,ORDER_NUMBER_____OIORDR,OIORDR,ORDER_NUMBER_____OIORDR,No,Yes,400007.0,402189.0,0,0,No matches found
mrs,z_Open_Order_File_____OEOPNORD,FORCAST_ORDER#_____OOFORD,OOFORD,FORCAST_ORDER#_____OOFORD,No,Yes,               ,               ,0,0,No matches found
mrs,z_Credit-Held_Order_Release_File_____OECRRELS,O/E_District_#_____ORDIST,ORDIST,O/E_District_#_____ORDIST,No,Yes,1.0,1.0,0,0,No matches found
mrs,z_Order_Ship_Instructions_____OESHPINS,Transaction_#_____OSORDR,OSORDR,Transaction_#_____OSORDR,No,Yes,100311.0,99675.0,0,0,No matches found
mrs,z_PC_Tracking_File_____PCTRCK,ORDER_NUMBER_____PCORDR,PCORDR,ORDER_NUMBER_____PCORDR,No,Yes,400145.0,971924.0,0,0,No matches found
mrs,z_Process_Charges__-_Dimensions_____PRCTDIM,ORDER_NUMBER_____PDORDR,PDORDR,ORDER_NUMBER_____PDORDR,No,Yes,600014.0,914641.0,0,0,No matches found
mrs,z_Process_Charges__-_Header_____PRCHCHRG,ORDER_NUMBER_____PJORDR,PJORDR,ORDER_NUMBER_____PJORDR,No,Yes,100990.0,99674.0,0,0,No matches found
mrs,z_M/P_Final_Processing_Charges_____MPHSTPRC,Transaction_#_____PKORDR,PKORDR,Transaction_#_____PKORDR,No,Yes,400008.0,402185.0,0,0,No matches found
mrs,z_Process_Charges__-_Transactions_____PRCTCHRG,ORDER_NUMBER_____PKORDR,PKORDR,ORDER_NUMBER_____PKORDR,No,Yes,100990.0,99674.0,0,0,No matches found
mrs,z_Process_Charges__-_Test_Quantity_____PRCHTQTY,ORDER_NUMBER_____PQORDR,PQORDR,ORDER_NUMBER_____PQORDR,No,Yes,100990.0,99674.0,0,0,No matches found
mrs,z_Produced_From_____PRODFROM,MP_#_____PRMORD,PRMORD,MP_#_____PRMORD,No,Yes,400008.0,402185.0,0,0,No matches found
mrs,z_Print_Request_File_____PRTREQST,Order_Number_____PRTORD,PRTORD,Order_Number_____PRTORD,Yes,No,400244.0,400581.0,0,0,No matches found
mrs,z_Shipments_File_____SHIPMAST,Cust_P/O#_____SHCORD,SHCORD,Cust_P/O#_____SHCORD,No,Yes,                      ,ZT-95 M               ,0,0,No matches found
mrs,z_Shipments_File_____SHIPMAST,Date_Ordered_Day_____SHORDD,SHORDD,Date_Ordered_Day_____SHORDD,No,Yes,0.0,9.0,0,0,No matches found
mrs,z_SLITTER_SET-UP_PRODUCED_(MADE)_ITEM_FILE_____SLTML,ORDER_DAY_____SMORDD,SMORDD,ORDER_DAY_____SMORDD,No,Yes,0.0,9.0,0,0,No matches found
mrs,z_SPO_Tracking_File_____SPOTRCK,ORDER_NUMBER_____SPORDR,SPORDR,ORDER_NUMBER_____SPORDR,No,Yes,600011.0,971930.0,0,0,No matches found
mrs,z_TAGBUILD_--Tag_Build_Up_____TAGBUILD,Transaction_#_____TBOORD,TBOORD,Transaction_#_____TBOORD,No,Yes,400008.0,402185.0,0,0,No matches found
mrs,z_Tracking_Outputq_File_____TRKOUTQ,Transaction_#_____TRORDR,TRORDR,Transaction_#_____TRORDR,No,Yes,805117.0,870182.0,0,0,No matches found
mrs,z_A/P_Debit_Header_File_____APDEBH,Customer_Order_#_____V1CORD,V1CORD,Customer_Order_#_____V1CORD,No,Yes,0.0,0.0,0,0,No matches found
mrs,z_Work_file_to_hold_documents_to_be_faxed_____WFFAXEMAIL,Transaction_#_____WFORDR,WFORDR,Transaction_#_____WFORDR,No,Yes,600004.0,971739.0,0,0,No matches found
mrs,z_A/P_Debit_Memo_Print_Workfile_-_Header_____DBHWRK,Customer_Order_#_____WHCORD,WHCORD,Customer_Order_#_____WHCORD,No,Yes,0.0,0.0,0,0,No matches found
